city,state,time,carbon_dioxide,methane
"Louisville, KY",KY,6/15/26 2:00,,
"Louisville, KY",KY,6/15/26 3:00,,
"Louisville, KY",KY,6/15/26 4:00,,
"Louisville, KY",KY,6/15/26 5:00,,
"Louisville, KY",KY,6/15/26 6:00,,
"Louisville, KY",KY,6/15/26 7:00,,
"Louisville, KY",KY,6/15/26 8:00,,
"Louisville, KY",KY,6/15/26 9:00,,
"Louisville, KY",KY,6/15/26 10:00,,
"Louisville, KY",KY,6/15/26 11:00,,
"Louisville, KY",KY,6/15/26 12:00,,
"Louisville, KY",KY,6/15/26 13:00,,
"Louisville, KY",KY,6/15/26 14:00,,
"Louisville, KY",KY,6/15/26 15:00,,
"Louisville, KY",KY,6/15/26 16:00,,
"Louisville, KY",KY,6/15/26 17:00,,
"Louisville, KY",KY,6/15/26 18:00,,
"Louisville, KY",KY,6/15/26 19:00,,
"Louisville, KY",KY,6/15/26 20:00,,
"Louisville, KY",KY,6/15/26 21:00,,
"Louisville, KY",KY,6/15/26 22:00,,
"Louisville, KY",KY,6/15/26 23:00,,
"Louisville, KY",KY,6/16/26 0:00,,
"Louisville, KY",KY,6/16/26 1:00,,
"Louisville, KY",KY,6/16/26 2:00,,
"Louisville, KY",KY,6/16/26 3:00,,
"Louisville, KY",KY,6/16/26 4:00,,
"Louisville, KY",KY,6/16/26 5:00,,
"Louisville, KY",KY,6/16/26 6:00,,
"Louisville, KY",KY,6/16/26 7:00,,
"Louisville, KY",KY,6/16/26 8:00,,
"Louisville, KY",KY,6/16/26 9:00,,
"Louisville, KY",KY,6/16/26 10:00,,
"Louisville, KY",KY,6/16/26 11:00,,
"Louisville, KY",KY,6/16/26 12:00,,
"Louisville, KY",KY,6/16/26 13:00,,
"Louisville, KY",KY,6/16/26 14:00,,
"Louisville, KY",KY,6/16/26 15:00,,
"Louisville, KY",KY,6/16/26 16:00,,
"Louisville, KY",KY,6/16/26 17:00,,
"Louisville, KY",KY,6/16/26 18:00,,
"Louisville, KY",KY,6/16/26 19:00,,
"Louisville, KY",KY,6/16/26 20:00,,
"Louisville, KY",KY,6/16/26 21:00,,
"Louisville, KY",KY,6/16/26 22:00,,
"Louisville, KY",KY,6/16/26 23:00,,
"Louisville, KY",KY,6/9/26 2:00,,
"Louisville, KY",KY,6/9/26 3:00,,
"Louisville, KY",KY,6/9/26 4:00,,
"Louisville, KY",KY,6/9/26 5:00,,
"Louisville, KY",KY,6/9/26 6:00,,
"Louisville, KY",KY,6/9/26 7:00,,
"Louisville, KY",KY,6/9/26 8:00,,
"Louisville, KY",KY,6/9/26 9:00,,
"Louisville, KY",KY,6/9/26 10:00,,
"Louisville, KY",KY,6/9/26 11:00,,
"Louisville, KY",KY,6/9/26 12:00,,
"Louisville, KY",KY,6/9/26 13:00,,
"Louisville, KY",KY,6/9/26 14:00,,
"Louisville, KY",KY,6/9/26 15:00,,
"Louisville, KY",KY,6/9/26 16:00,,
"Louisville, KY",KY,6/9/26 17:00,,
"Louisville, KY",KY,6/9/26 18:00,,
"Louisville, KY",KY,6/9/26 19:00,,
"Louisville, KY",KY,6/9/26 20:00,,
"Louisville, KY",KY,6/9/26 21:00,,
"Louisville, KY",KY,6/9/26 22:00,,
"Louisville, KY",KY,6/9/26 23:00,,
"Bakersfield, CA",CA,6/15/26 2:00,,
"Bakersfield, CA",CA,6/15/26 3:00,,
"Bakersfield, CA",CA,6/15/26 4:00,,
"Bakersfield, CA",CA,6/15/26 5:00,,
"Bakersfield, CA",CA,6/15/26 6:00,,
"Bakersfield, CA",CA,6/15/26 7:00,,
"Bakersfield, CA",CA,6/15/26 8:00,,
"Bakersfield, CA",CA,6/15/26 9:00,,
"Bakersfield, CA",CA,6/15/26 10:00,,
"Bakersfield, CA",CA,6/15/26 11:00,,
"Bakersfield, CA",CA,6/15/26 12:00,,
"Bakersfield, CA",CA,6/15/26 13:00,,
"Bakersfield, CA",CA,6/15/26 14:00,,
"Bakersfield, CA",CA,6/15/26 15:00,,
"Bakersfield, CA",CA,6/15/26 16:00,,
"Bakersfield, CA",CA,6/15/26 17:00,,
"Bakersfield, CA",CA,6/15/26 18:00,,
"Bakersfield, CA",CA,6/15/26 19:00,,
"Bakersfield, CA",CA,6/15/26 20:00,,
"Bakersfield, CA",CA,6/15/26 21:00,,
"Bakersfield, CA",CA,6/15/26 22:00,,
"Bakersfield, CA",CA,6/15/26 23:00,,
"Bakersfield, CA",CA,6/16/26 0:00,,
"Bakersfield, CA",CA,6/16/26 1:00,,
"Bakersfield, CA",CA,6/16/26 2:00,,
"Bakersfield, CA",CA,6/16/26 3:00,,
"Bakersfield, CA",CA,6/16/26 4:00,,
"Bakersfield, CA",CA,6/16/26 5:00,,
"Bakersfield, CA",CA,6/16/26 6:00,,
"Bakersfield, CA",CA,6/16/26 7:00,,
"Bakersfield, CA",CA,6/16/26 8:00,,
"Bakersfield, CA",CA,6/16/26 9:00,,
"Bakersfield, CA",CA,6/16/26 10:00,,
"Bakersfield, CA",CA,6/16/26 11:00,,
"Bakersfield, CA",CA,6/16/26 12:00,,
"Bakersfield, CA",CA,6/16/26 13:00,,
"Bakersfield, CA",CA,6/16/26 14:00,,
"Bakersfield, CA",CA,6/16/26 15:00,,
"Bakersfield, CA",CA,6/16/26 16:00,,
"Bakersfield, CA",CA,6/16/26 17:00,,
"Bakersfield, CA",CA,6/16/26 18:00,,
"Bakersfield, CA",CA,6/16/26 19:00,,
"Bakersfield, CA",CA,6/16/26 20:00,,
"Bakersfield, CA",CA,6/16/26 21:00,,
"Bakersfield, CA",CA,6/16/26 22:00,,
"Bakersfield, CA",CA,6/16/26 23:00,,
"Bakersfield, CA",CA,6/9/26 2:00,,
"Bakersfield, CA",CA,6/9/26 3:00,,
"Bakersfield, CA",CA,6/9/26 4:00,,
"Bakersfield, CA",CA,6/9/26 5:00,,
"Bakersfield, CA",CA,6/9/26 6:00,,
"Bakersfield, CA",CA,6/9/26 7:00,,
"Bakersfield, CA",CA,6/9/26 8:00,,
"Bakersfield, CA",CA,6/9/26 9:00,,
"Bakersfield, CA",CA,6/9/26 10:00,,
"Bakersfield, CA",CA,6/9/26 11:00,,
"Bakersfield, CA",CA,6/9/26 12:00,,
"Bakersfield, CA",CA,6/9/26 13:00,,
"Bakersfield, CA",CA,6/9/26 14:00,,
"Bakersfield, CA",CA,6/9/26 15:00,,
"Bakersfield, CA",CA,6/9/26 16:00,,
"Bakersfield, CA",CA,6/9/26 17:00,,
"Bakersfield, CA",CA,6/9/26 18:00,,
"Bakersfield, CA",CA,6/9/26 19:00,,
"Bakersfield, CA",CA,6/9/26 20:00,,
"Bakersfield, CA",CA,6/9/26 21:00,,
"Bakersfield, CA",CA,6/9/26 22:00,,
"Bakersfield, CA",CA,6/9/26 23:00,,
"Brownsville, TX",TX,6/15/26 2:00,,
"Brownsville, TX",TX,6/15/26 3:00,,
"Brownsville, TX",TX,6/15/26 4:00,,
"Brownsville, TX",TX,6/15/26 5:00,,
"Brownsville, TX",TX,6/15/26 6:00,,
"Brownsville, TX",TX,6/15/26 7:00,,
"Brownsville, TX",TX,6/15/26 8:00,,
"Brownsville, TX",TX,6/15/26 9:00,,
"Brownsville, TX",TX,6/15/26 10:00,,
"Brownsville, TX",TX,6/15/26 11:00,,
"Brownsville, TX",TX,6/15/26 12:00,,
"Brownsville, TX",TX,6/15/26 13:00,,
"Brownsville, TX",TX,6/15/26 14:00,,
"Brownsville, TX",TX,6/15/26 15:00,,
"Brownsville, TX",TX,6/15/26 16:00,,
"Brownsville, TX",TX,6/15/26 17:00,,
"Brownsville, TX",TX,6/15/26 18:00,,
"Brownsville, TX",TX,6/15/26 19:00,,
"Brownsville, TX",TX,6/15/26 20:00,,
"Brownsville, TX",TX,6/15/26 21:00,,
"Brownsville, TX",TX,6/15/26 22:00,,
"Brownsville, TX",TX,6/15/26 23:00,,
"Brownsville, TX",TX,6/16/26 0:00,,
"Brownsville, TX",TX,6/16/26 1:00,,
"Brownsville, TX",TX,6/16/26 2:00,,
"Brownsville, TX",TX,6/16/26 3:00,,
"Brownsville, TX",TX,6/16/26 4:00,,
"Brownsville, TX",TX,6/16/26 5:00,,
"Brownsville, TX",TX,6/16/26 6:00,,
"Brownsville, TX",TX,6/16/26 7:00,,
"Brownsville, TX",TX,6/16/26 8:00,,
"Brownsville, TX",TX,6/16/26 9:00,,
"Brownsville, TX",TX,6/16/26 10:00,,
"Brownsville, TX",TX,6/16/26 11:00,,
"Brownsville, TX",TX,6/16/26 12:00,,
"Brownsville, TX",TX,6/16/26 13:00,,
"Brownsville, TX",TX,6/16/26 14:00,,
"Brownsville, TX",TX,6/16/26 15:00,,
"Brownsville, TX",TX,6/16/26 16:00,,
"Brownsville, TX",TX,6/16/26 17:00,,
"Brownsville, TX",TX,6/16/26 18:00,,
"Brownsville, TX",TX,6/16/26 19:00,,
"Brownsville, TX",TX,6/16/26 20:00,,
"Brownsville, TX",TX,6/16/26 21:00,,
"Brownsville, TX",TX,6/16/26 22:00,,
"Brownsville, TX",TX,6/16/26 23:00,,
"Brownsville, TX",TX,6/9/26 2:00,,
"Brownsville, TX",TX,6/9/26 3:00,,
"Brownsville, TX",TX,6/9/26 4:00,,
"Brownsville, TX",TX,6/9/26 5:00,,
"Brownsville, TX",TX,6/9/26 6:00,,
"Brownsville, TX",TX,6/9/26 7:00,,
"Brownsville, TX",TX,6/9/26 8:00,,
"Brownsville, TX",TX,6/9/26 9:00,,
"Brownsville, TX",TX,6/9/26 10:00,,
"Brownsville, TX",TX,6/9/26 11:00,,
"Brownsville, TX",TX,6/9/26 12:00,,
"Brownsville, TX",TX,6/9/26 13:00,,
"Brownsville, TX",TX,6/9/26 14:00,,
"Brownsville, TX",TX,6/9/26 15:00,,
"Brownsville, TX",TX,6/9/26 16:00,,
"Brownsville, TX",TX,6/9/26 17:00,,
"Brownsville, TX",TX,6/9/26 18:00,,
"Brownsville, TX",TX,6/9/26 19:00,,
"Brownsville, TX",TX,6/9/26 20:00,,
"Brownsville, TX",TX,6/9/26 21:00,,
"Brownsville, TX",TX,6/9/26 22:00,,
"Brownsville, TX",TX,6/9/26 23:00,,
"Eugene, OR",OR,6/15/26 2:00,,
"Eugene, OR",OR,6/15/26 3:00,,
"Eugene, OR",OR,6/15/26 4:00,,
"Eugene, OR",OR,6/15/26 5:00,,
"Eugene, OR",OR,6/15/26 6:00,,
"Eugene, OR",OR,6/15/26 7:00,,
"Eugene, OR",OR,6/15/26 8:00,,
"Eugene, OR",OR,6/15/26 9:00,,
"Eugene, OR",OR,6/15/26 10:00,,
"Eugene, OR",OR,6/15/26 11:00,,
"Eugene, OR",OR,6/15/26 12:00,,
"Eugene, OR",OR,6/15/26 13:00,,
"Eugene, OR",OR,6/15/26 14:00,,
"Eugene, OR",OR,6/15/26 15:00,,
"Eugene, OR",OR,6/15/26 16:00,,
"Eugene, OR",OR,6/15/26 17:00,,
"Eugene, OR",OR,6/15/26 18:00,,
"Eugene, OR",OR,6/15/26 19:00,,
"Eugene, OR",OR,6/15/26 20:00,,
"Eugene, OR",OR,6/15/26 21:00,,
"Eugene, OR",OR,6/15/26 22:00,,
"Eugene, OR",OR,6/15/26 23:00,,
"Eugene, OR",OR,6/16/26 0:00,,
"Eugene, OR",OR,6/16/26 1:00,,
"Eugene, OR",OR,6/16/26 2:00,,
"Eugene, OR",OR,6/16/26 3:00,,
"Eugene, OR",OR,6/16/26 4:00,,
"Eugene, OR",OR,6/16/26 5:00,,
"Eugene, OR",OR,6/16/26 6:00,,
"Eugene, OR",OR,6/16/26 7:00,,
"Eugene, OR",OR,6/16/26 8:00,,
"Eugene, OR",OR,6/16/26 9:00,,
"Eugene, OR",OR,6/16/26 10:00,,
"Eugene, OR",OR,6/16/26 11:00,,
"Eugene, OR",OR,6/16/26 12:00,,
"Eugene, OR",OR,6/16/26 13:00,,
"Eugene, OR",OR,6/16/26 14:00,,
"Eugene, OR",OR,6/16/26 15:00,,
"Eugene, OR",OR,6/16/26 16:00,,
"Eugene, OR",OR,6/16/26 17:00,,
"Eugene, OR",OR,6/16/26 18:00,,
"Eugene, OR",OR,6/16/26 19:00,,
"Eugene, OR",OR,6/16/26 20:00,,
"Eugene, OR",OR,6/16/26 21:00,,
"Eugene, OR",OR,6/16/26 22:00,,
"Eugene, OR",OR,6/16/26 23:00,,
"Eugene, OR",OR,6/9/26 2:00,,
"Eugene, OR",OR,6/9/26 3:00,,
"Eugene, OR",OR,6/9/26 4:00,,
"Eugene, OR",OR,6/9/26 5:00,,
"Eugene, OR",OR,6/9/26 6:00,,
"Eugene, OR",OR,6/9/26 7:00,,
"Eugene, OR",OR,6/9/26 8:00,,
"Eugene, OR",OR,6/9/26 9:00,,
"Eugene, OR",OR,6/9/26 10:00,,
"Eugene, OR",OR,6/9/26 11:00,,
"Eugene, OR",OR,6/9/26 12:00,,
"Eugene, OR",OR,6/9/26 13:00,,
"Eugene, OR",OR,6/9/26 14:00,,
"Eugene, OR",OR,6/9/26 15:00,,
"Eugene, OR",OR,6/9/26 16:00,,
"Eugene, OR",OR,6/9/26 17:00,,
"Eugene, OR",OR,6/9/26 18:00,,
"Eugene, OR",OR,6/9/26 19:00,,
"Eugene, OR",OR,6/9/26 20:00,,
"Eugene, OR",OR,6/9/26 21:00,,
"Eugene, OR",OR,6/9/26 22:00,,
"Eugene, OR",OR,6/9/26 23:00,,
"Bozeman, MT",MT,6/15/26 2:00,,
"Bozeman, MT",MT,6/15/26 3:00,,
"Bozeman, MT",MT,6/15/26 4:00,,
"Bozeman, MT",MT,6/15/26 5:00,,
"Bozeman, MT",MT,6/15/26 6:00,,
"Bozeman, MT",MT,6/15/26 7:00,,
"Bozeman, MT",MT,6/15/26 8:00,,
"Bozeman, MT",MT,6/15/26 9:00,,
"Bozeman, MT",MT,6/15/26 10:00,,
"Bozeman, MT",MT,6/15/26 11:00,,
"Bozeman, MT",MT,6/15/26 12:00,,
"Bozeman, MT",MT,6/15/26 13:00,,
"Bozeman, MT",MT,6/15/26 14:00,,
"Bozeman, MT",MT,6/15/26 15:00,,
"Bozeman, MT",MT,6/15/26 16:00,,
"Bozeman, MT",MT,6/15/26 17:00,,
"Bozeman, MT",MT,6/15/26 18:00,,
"Bozeman, MT",MT,6/15/26 19:00,,
"Bozeman, MT",MT,6/15/26 20:00,,
"Bozeman, MT",MT,6/15/26 21:00,,
"Bozeman, MT",MT,6/15/26 22:00,,
"Bozeman, MT",MT,6/15/26 23:00,,
"Bozeman, MT",MT,6/16/26 0:00,,
"Bozeman, MT",MT,6/16/26 1:00,,
"Bozeman, MT",MT,6/16/26 2:00,,
"Bozeman, MT",MT,6/16/26 3:00,,
"Bozeman, MT",MT,6/16/26 4:00,,
"Bozeman, MT",MT,6/16/26 5:00,,
"Bozeman, MT",MT,6/16/26 6:00,,
"Bozeman, MT",MT,6/16/26 7:00,,
"Bozeman, MT",MT,6/16/26 8:00,,
"Bozeman, MT",MT,6/16/26 9:00,,
"Bozeman, MT",MT,6/16/26 10:00,,
"Bozeman, MT",MT,6/16/26 11:00,,
"Bozeman, MT",MT,6/16/26 12:00,,
"Bozeman, MT",MT,6/16/26 13:00,,
"Bozeman, MT",MT,6/16/26 14:00,,
"Bozeman, MT",MT,6/16/26 15:00,,
"Bozeman, MT",MT,6/16/26 16:00,,
"Bozeman, MT",MT,6/16/26 17:00,,
"Bozeman, MT",MT,6/16/26 18:00,,
"Bozeman, MT",MT,6/16/26 19:00,,
"Bozeman, MT",MT,6/16/26 20:00,,
"Bozeman, MT",MT,6/16/26 21:00,,
"Bozeman, MT",MT,6/16/26 22:00,,
"Bozeman, MT",MT,6/16/26 23:00,,
"Bozeman, MT",MT,6/9/26 2:00,,
"Bozeman, MT",MT,6/9/26 3:00,,
"Bozeman, MT",MT,6/9/26 4:00,,
"Bozeman, MT",MT,6/9/26 5:00,,
"Bozeman, MT",MT,6/9/26 6:00,,
"Bozeman, MT",MT,6/9/26 7:00,,
"Bozeman, MT",MT,6/9/26 8:00,,
"Bozeman, MT",MT,6/9/26 9:00,,
"Bozeman, MT",MT,6/9/26 10:00,,
"Bozeman, MT",MT,6/9/26 11:00,,
"Bozeman, MT",MT,6/9/26 12:00,,
"Bozeman, MT",MT,6/9/26 13:00,,
"Bozeman, MT",MT,6/9/26 14:00,,
"Bozeman, MT",MT,6/9/26 15:00,,
"Bozeman, MT",MT,6/9/26 16:00,,
"Bozeman, MT",MT,6/9/26 17:00,,
"Bozeman, MT",MT,6/9/26 18:00,,
"Bozeman, MT",MT,6/9/26 19:00,,
"Bozeman, MT",MT,6/9/26 20:00,,
"Bozeman, MT",MT,6/9/26 21:00,,
"Bozeman, MT",MT,6/9/26 22:00,,
"Bozeman, MT",MT,6/9/26 23:00,,
"Casper, WY",WY,6/15/26 2:00,,
"Casper, WY",WY,6/15/26 3:00,,
"Casper, WY",WY,6/15/26 4:00,,
"Casper, WY",WY,6/15/26 5:00,,
"Casper, WY",WY,6/15/26 6:00,,
"Casper, WY",WY,6/15/26 7:00,,
"Casper, WY",WY,6/15/26 8:00,,
"Casper, WY",WY,6/15/26 9:00,,
"Casper, WY",WY,6/15/26 10:00,,
"Casper, WY",WY,6/15/26 11:00,,
"Casper, WY",WY,6/15/26 12:00,,
"Casper, WY",WY,6/15/26 13:00,,
"Casper, WY",WY,6/15/26 14:00,,
"Casper, WY",WY,6/15/26 15:00,,
"Casper, WY",WY,6/15/26 16:00,,
"Casper, WY",WY,6/15/26 17:00,,
"Casper, WY",WY,6/15/26 18:00,,
"Casper, WY",WY,6/15/26 19:00,,
"Casper, WY",WY,6/15/26 20:00,,
"Casper, WY",WY,6/15/26 21:00,,
"Casper, WY",WY,6/15/26 22:00,,
"Casper, WY",WY,6/15/26 23:00,,
"Casper, WY",WY,6/16/26 0:00,,
"Casper, WY",WY,6/16/26 1:00,,
"Casper, WY",WY,6/16/26 2:00,,
"Casper, WY",WY,6/16/26 3:00,,
"Casper, WY",WY,6/16/26 4:00,,
"Casper, WY",WY,6/16/26 5:00,,
"Casper, WY",WY,6/16/26 6:00,,
"Casper, WY",WY,6/16/26 7:00,,
"Casper, WY",WY,6/16/26 8:00,,
"Casper, WY",WY,6/16/26 9:00,,
"Casper, WY",WY,6/16/26 10:00,,
"Casper, WY",WY,6/16/26 11:00,,
"Casper, WY",WY,6/16/26 12:00,,
"Casper, WY",WY,6/16/26 13:00,,
"Casper, WY",WY,6/16/26 14:00,,
"Casper, WY",WY,6/16/26 15:00,,
"Casper, WY",WY,6/16/26 16:00,,
"Casper, WY",WY,6/16/26 17:00,,
"Casper, WY",WY,6/16/26 18:00,,
"Casper, WY",WY,6/16/26 19:00,,
"Casper, WY",WY,6/16/26 20:00,,
"Casper, WY",WY,6/16/26 21:00,,
"Casper, WY",WY,6/16/26 22:00,,
"Casper, WY",WY,6/16/26 23:00,,
"Casper, WY",WY,6/9/26 2:00,,
"Casper, WY",WY,6/9/26 3:00,,
"Casper, WY",WY,6/9/26 4:00,,
"Casper, WY",WY,6/9/26 5:00,,
"Casper, WY",WY,6/9/26 6:00,,
"Casper, WY",WY,6/9/26 7:00,,
"Casper, WY",WY,6/9/26 8:00,,
"Casper, WY",WY,6/9/26 9:00,,
"Casper, WY",WY,6/9/26 10:00,,
"Casper, WY",WY,6/9/26 11:00,,
"Casper, WY",WY,6/9/26 12:00,,
"Casper, WY",WY,6/9/26 13:00,,
"Casper, WY",WY,6/9/26 14:00,,
"Casper, WY",WY,6/9/26 15:00,,
"Casper, WY",WY,6/9/26 16:00,,
"Casper, WY",WY,6/9/26 17:00,,
"Casper, WY",WY,6/9/26 18:00,,
"Casper, WY",WY,6/9/26 19:00,,
"Casper, WY",WY,6/9/26 20:00,,
"Casper, WY",WY,6/9/26 21:00,,
"Casper, WY",WY,6/9/26 22:00,,
"Casper, WY",WY,6/9/26 23:00,,
"Kahului, HI",HI,6/9/26 2:00,,
"Kahului, HI",HI,6/9/26 3:00,,
"Kahului, HI",HI,6/9/26 4:00,,
"Kahului, HI",HI,6/9/26 5:00,,
"Kahului, HI",HI,6/9/26 6:00,,
"Kahului, HI",HI,6/9/26 7:00,,
"Kahului, HI",HI,6/9/26 8:00,,
"Kahului, HI",HI,6/9/26 9:00,,
"Kahului, HI",HI,6/9/26 10:00,,
"Kahului, HI",HI,6/9/26 11:00,,
"Kahului, HI",HI,6/9/26 12:00,,
"Kahului, HI",HI,6/9/26 13:00,,
"Kahului, HI",HI,6/9/26 14:00,,
"Kahului, HI",HI,6/9/26 15:00,,
"Kahului, HI",HI,6/9/26 16:00,,
"Kahului, HI",HI,6/9/26 17:00,,
"Kahului, HI",HI,6/9/26 18:00,,
"Kahului, HI",HI,6/9/26 19:00,,
"Kahului, HI",HI,6/9/26 20:00,,
"Kahului, HI",HI,6/9/26 21:00,,
"Kahului, HI",HI,6/9/26 22:00,,
"Kahului, HI",HI,6/9/26 23:00,,
"Kahului, HI",HI,6/15/26 2:00,,
"Kahului, HI",HI,6/15/26 3:00,,
"Kahului, HI",HI,6/15/26 4:00,,
"Kahului, HI",HI,6/15/26 5:00,,
"Kahului, HI",HI,6/15/26 6:00,,
"Kahului, HI",HI,6/15/26 7:00,,
"Kahului, HI",HI,6/15/26 8:00,,
"Kahului, HI",HI,6/15/26 9:00,,
"Kahului, HI",HI,6/15/26 10:00,,
"Kahului, HI",HI,6/15/26 11:00,,
"Kahului, HI",HI,6/15/26 12:00,,
"Kahului, HI",HI,6/15/26 13:00,,
"Kahului, HI",HI,6/15/26 14:00,,
"Kahului, HI",HI,6/15/26 15:00,,
"Kahului, HI",HI,6/15/26 16:00,,
"Kahului, HI",HI,6/15/26 17:00,,
"Kahului, HI",HI,6/15/26 18:00,,
"Kahului, HI",HI,6/15/26 19:00,,
"Kahului, HI",HI,6/15/26 20:00,,
"Kahului, HI",HI,6/15/26 21:00,,
"Kahului, HI",HI,6/15/26 22:00,,
"Kahului, HI",HI,6/15/26 23:00,,
"Kahului, HI",HI,6/16/26 0:00,,
"Kahului, HI",HI,6/16/26 1:00,,
"Kahului, HI",HI,6/16/26 2:00,,
"Kahului, HI",HI,6/16/26 3:00,,
"Kahului, HI",HI,6/16/26 4:00,,
"Kahului, HI",HI,6/16/26 5:00,,
"Kahului, HI",HI,6/16/26 6:00,,
"Kahului, HI",HI,6/16/26 7:00,,
"Kahului, HI",HI,6/16/26 8:00,,
"Kahului, HI",HI,6/16/26 9:00,,
"Kahului, HI",HI,6/16/26 10:00,,
"Kahului, HI",HI,6/16/26 11:00,,
"Kahului, HI",HI,6/16/26 12:00,,
"Kahului, HI",HI,6/16/26 13:00,,
"Kahului, HI",HI,6/16/26 14:00,,
"Kahului, HI",HI,6/16/26 15:00,,
"Kahului, HI",HI,6/16/26 16:00,,
"Kahului, HI",HI,6/16/26 17:00,,
"Kahului, HI",HI,6/16/26 18:00,,
"Kahului, HI",HI,6/16/26 19:00,,
"Kahului, HI",HI,6/16/26 20:00,,
"Kahului, HI",HI,6/16/26 21:00,,
"Kahului, HI",HI,6/16/26 22:00,,
"Kahului, HI",HI,6/16/26 23:00,,
"Kahului, HI",HI,6/3/26 2:00,446,1337
"Kahului, HI",HI,6/3/26 3:00,448,1338
"Kahului, HI",HI,6/3/26 4:00,450,1339
"Kahului, HI",HI,6/3/26 5:00,451,1339
"Kahului, HI",HI,6/3/26 6:00,450,1338
"Kahului, HI",HI,6/3/26 7:00,448,1336
"Kahului, HI",HI,6/3/26 8:00,447,1335
"Kahului, HI",HI,6/3/26 9:00,447,1335
"Kahului, HI",HI,6/3/26 10:00,448,1335
"Kahului, HI",HI,6/3/26 11:00,448,1335
"Kahului, HI",HI,6/3/26 12:00,447,1334
"Kahului, HI",HI,6/3/26 13:00,446,1334
"Kahului, HI",HI,6/4/26 2:00,446,1337
"Kahului, HI",HI,6/4/26 3:00,448,1338
"Kahului, HI",HI,6/4/26 4:00,450,1339
"Kahului, HI",HI,6/4/26 5:00,451,1339
"Kahului, HI",HI,6/4/26 6:00,450,1338
"Kahului, HI",HI,6/4/26 7:00,448,1336
"Kahului, HI",HI,6/4/26 8:00,447,1335
"Kahului, HI",HI,6/4/26 9:00,447,1335
"Kahului, HI",HI,6/4/26 10:00,448,1335
"Kahului, HI",HI,6/4/26 11:00,448,1335
"Kahului, HI",HI,6/4/26 12:00,447,1334
"Kahului, HI",HI,6/4/26 13:00,446,1334
"Kahului, HI",HI,6/5/26 1:00,446,1331
"Kahului, HI",HI,6/5/26 2:00,446,1331
"Kahului, HI",HI,6/5/26 3:00,446,1331
"Kahului, HI",HI,6/5/26 4:00,447,1331
"Kahului, HI",HI,6/5/26 5:00,447,1331
"Kahului, HI",HI,6/5/26 6:00,448,1331
"Kahului, HI",HI,6/5/26 7:00,448,1332
"Kahului, HI",HI,6/5/26 8:00,449,1332
"Kahului, HI",HI,6/5/26 9:00,449,1332
"Kahului, HI",HI,6/5/26 10:00,449,1331
"Kahului, HI",HI,6/5/26 11:00,449,1331
"Kahului, HI",HI,6/5/26 12:00,448,1331
"Kahului, HI",HI,6/5/26 13:00,446,1331
"Kahului, HI",HI,6/6/26 2:00,446,1336
"Kahului, HI",HI,6/6/26 3:00,447,1337
"Kahului, HI",HI,6/6/26 4:00,449,1337
"Kahului, HI",HI,6/6/26 5:00,451,1338
"Kahului, HI",HI,6/6/26 6:00,452,1338
"Kahului, HI",HI,6/6/26 7:00,454,1339
"Kahului, HI",HI,6/6/26 8:00,455,1339
"Kahului, HI",HI,6/6/26 9:00,457,1339
"Kahului, HI",HI,6/6/26 10:00,460,1340
"Kahului, HI",HI,6/6/26 11:00,460,1340
"Kahului, HI",HI,6/6/26 12:00,456,1339
"Kahului, HI",HI,6/6/26 13:00,450,1338
"Kahului, HI",HI,6/6/26 15:00,444,1337
"Kahului, HI",HI,6/6/26 19:00,444,1336
"Kahului, HI",HI,6/6/26 20:00,444,1336
"Kahului, HI",HI,6/6/26 21:00,444,1336
"Kahului, HI",HI,6/6/26 22:00,444,1336
"Kahului, HI",HI,6/6/26 23:00,444,1336
"Kahului, HI",HI,6/7/26 1:00,446,1337
"Kahului, HI",HI,6/7/26 2:00,448,1338
"Kahului, HI",HI,6/7/26 3:00,450,1339
"Kahului, HI",HI,6/7/26 4:00,453,1340
"Kahului, HI",HI,6/7/26 5:00,456,1340
"Kahului, HI",HI,6/7/26 6:00,458,1340
"Kahului, HI",HI,6/7/26 7:00,461,1340
"Kahului, HI",HI,6/7/26 8:00,462,1339
"Kahului, HI",HI,6/7/26 9:00,462,1338
"Kahului, HI",HI,6/7/26 10:00,461,1338
"Kahului, HI",HI,6/7/26 11:00,459,1337
"Kahului, HI",HI,6/7/26 12:00,455,1336
"Kahului, HI",HI,6/7/26 13:00,449,1334
"Kahului, HI",HI,6/7/26 15:00,444,1332
"Kahului, HI",HI,6/7/26 16:00,444,1332
"Kahului, HI",HI,6/8/26 0:00,446,1327
"Kahului, HI",HI,6/8/26 1:00,446,1326
"Kahului, HI",HI,6/8/26 2:00,447,1326
"Kahului, HI",HI,6/8/26 3:00,447,1325
"Kahului, HI",HI,6/8/26 4:00,447,1324
"Kahului, HI",HI,6/8/26 5:00,447,1323
"Kahului, HI",HI,6/8/26 6:00,448,1323
"Kahului, HI",HI,6/8/26 7:00,448,1323
"Kahului, HI",HI,6/8/26 8:00,449,1323
"Kahului, HI",HI,6/8/26 9:00,450,1323
"Kahului, HI",HI,6/8/26 10:00,450,1323
"Kahului, HI",HI,6/8/26 11:00,450,1323
"Kahului, HI",HI,6/8/26 12:00,449,1322
"Kahului, HI",HI,6/8/26 13:00,447,1321
"Kahului, HI",HI,6/10/26 2:00,446,1337
"Kahului, HI",HI,6/10/26 3:00,448,1338
"Kahului, HI",HI,6/10/26 4:00,450,1339
"Kahului, HI",HI,6/10/26 5:00,451,1339
"Kahului, HI",HI,6/10/26 6:00,450,1338
"Kahului, HI",HI,6/10/26 7:00,448,1336
"Kahului, HI",HI,6/10/26 8:00,447,1335
"Kahului, HI",HI,6/10/26 9:00,447,1335
"Kahului, HI",HI,6/10/26 10:00,448,1335
"Kahului, HI",HI,6/10/26 11:00,448,1335
"Kahului, HI",HI,6/10/26 12:00,447,1334
"Kahului, HI",HI,6/10/26 13:00,446,1334
"Kahului, HI",HI,6/11/26 1:00,446,1331
"Kahului, HI",HI,6/11/26 2:00,446,1331
"Kahului, HI",HI,6/11/26 3:00,446,1331
"Kahului, HI",HI,6/11/26 4:00,447,1331
"Kahului, HI",HI,6/11/26 5:00,447,1331
"Kahului, HI",HI,6/11/26 6:00,448,1331
"Kahului, HI",HI,6/11/26 7:00,448,1332
"Kahului, HI",HI,6/11/26 8:00,449,1332
"Kahului, HI",HI,6/11/26 9:00,449,1332
"Kahului, HI",HI,6/11/26 10:00,449,1331
"Kahului, HI",HI,6/11/26 11:00,449,1331
"Kahului, HI",HI,6/11/26 12:00,448,1331
"Kahului, HI",HI,6/11/26 13:00,446,1331
"Kahului, HI",HI,6/12/26 2:00,446,1336
"Kahului, HI",HI,6/12/26 3:00,447,1337
"Kahului, HI",HI,6/12/26 4:00,449,1337
"Kahului, HI",HI,6/12/26 5:00,451,1338
"Kahului, HI",HI,6/12/26 6:00,452,1338
"Kahului, HI",HI,6/12/26 7:00,454,1339
"Kahului, HI",HI,6/12/26 8:00,455,1339
"Kahului, HI",HI,6/12/26 9:00,457,1339
"Kahului, HI",HI,6/12/26 10:00,460,1340
"Kahului, HI",HI,6/12/26 11:00,460,1340
"Kahului, HI",HI,6/12/26 12:00,456,1339
"Kahului, HI",HI,6/12/26 13:00,450,1338
"Kahului, HI",HI,6/12/26 15:00,444,1337
"Kahului, HI",HI,6/12/26 19:00,444,1336
"Kahului, HI",HI,6/12/26 20:00,444,1336
"Kahului, HI",HI,6/12/26 21:00,444,1336
"Kahului, HI",HI,6/12/26 22:00,444,1336
"Kahului, HI",HI,6/12/26 23:00,444,1336
"Kahului, HI",HI,6/13/26 1:00,446,1337
"Kahului, HI",HI,6/13/26 2:00,448,1338
"Kahului, HI",HI,6/13/26 3:00,450,1339
"Kahului, HI",HI,6/13/26 4:00,453,1340
"Kahului, HI",HI,6/13/26 5:00,456,1340
"Kahului, HI",HI,6/13/26 6:00,458,1340
"Kahului, HI",HI,6/13/26 7:00,461,1340
"Kahului, HI",HI,6/13/26 8:00,462,1339
"Kahului, HI",HI,6/13/26 9:00,462,1338
"Kahului, HI",HI,6/13/26 10:00,461,1338
"Kahului, HI",HI,6/13/26 11:00,459,1337
"Kahului, HI",HI,6/13/26 12:00,455,1336
"Kahului, HI",HI,6/13/26 13:00,449,1334
"Kahului, HI",HI,6/13/26 15:00,444,1332
"Kahului, HI",HI,6/13/26 16:00,444,1332
"Kahului, HI",HI,6/14/26 0:00,446,1327
"Kahului, HI",HI,6/14/26 1:00,446,1326
"Kahului, HI",HI,6/14/26 2:00,447,1326
"Kahului, HI",HI,6/14/26 3:00,447,1325
"Kahului, HI",HI,6/14/26 4:00,447,1324
"Kahului, HI",HI,6/14/26 5:00,447,1323
"Kahului, HI",HI,6/14/26 6:00,448,1323
"Kahului, HI",HI,6/14/26 7:00,448,1323
"Kahului, HI",HI,6/14/26 8:00,449,1323
"Kahului, HI",HI,6/14/26 9:00,450,1323
"Kahului, HI",HI,6/14/26 10:00,450,1323
"Kahului, HI",HI,6/14/26 11:00,450,1323
"Kahului, HI",HI,6/14/26 12:00,449,1322
"Kahului, HI",HI,6/14/26 13:00,447,1321
"Brownsville, TX",TX,6/3/26 0:00,451,1330
"Brownsville, TX",TX,6/3/26 1:00,451,1329
"Brownsville, TX",TX,6/3/26 2:00,450,1328
"Brownsville, TX",TX,6/3/26 3:00,450,1329
"Brownsville, TX",TX,6/3/26 4:00,449,1330
"Brownsville, TX",TX,6/3/26 5:00,449,1332
"Brownsville, TX",TX,6/3/26 6:00,450,1334
"Brownsville, TX",TX,6/3/26 7:00,451,1336
"Brownsville, TX",TX,6/3/26 8:00,451,1335
"Brownsville, TX",TX,6/3/26 9:00,450,1330
"Brownsville, TX",TX,6/3/26 10:00,448,1323
"Brownsville, TX",TX,6/3/26 11:00,446,1317
"Brownsville, TX",TX,6/3/26 12:00,446,1315
"Brownsville, TX",TX,6/3/26 13:00,446,1314
"Brownsville, TX",TX,6/3/26 14:00,446,1314
"Brownsville, TX",TX,6/3/26 15:00,446,1314
"Brownsville, TX",TX,6/3/26 16:00,446,1314
"Brownsville, TX",TX,6/3/26 17:00,446,1314
"Brownsville, TX",TX,6/3/26 18:00,446,1314
"Brownsville, TX",TX,6/3/26 19:00,446,1314
"Brownsville, TX",TX,6/3/26 20:00,446,1316
"Brownsville, TX",TX,6/3/26 21:00,447,1320
"Brownsville, TX",TX,6/3/26 22:00,448,1326
"Brownsville, TX",TX,6/3/26 23:00,449,1330
"Brownsville, TX",TX,6/10/26 0:00,451,1330
"Brownsville, TX",TX,6/10/26 1:00,451,1329
"Brownsville, TX",TX,6/10/26 2:00,450,1328
"Brownsville, TX",TX,6/10/26 3:00,450,1329
"Brownsville, TX",TX,6/10/26 4:00,449,1330
"Brownsville, TX",TX,6/10/26 5:00,449,1332
"Brownsville, TX",TX,6/10/26 6:00,450,1334
"Brownsville, TX",TX,6/10/26 7:00,451,1336
"Brownsville, TX",TX,6/10/26 8:00,451,1335
"Brownsville, TX",TX,6/10/26 9:00,450,1330
"Brownsville, TX",TX,6/10/26 10:00,448,1323
"Brownsville, TX",TX,6/10/26 11:00,446,1317
"Brownsville, TX",TX,6/10/26 12:00,446,1315
"Brownsville, TX",TX,6/10/26 13:00,446,1314
"Brownsville, TX",TX,6/10/26 14:00,446,1314
"Brownsville, TX",TX,6/10/26 15:00,446,1314
"Brownsville, TX",TX,6/10/26 16:00,446,1314
"Brownsville, TX",TX,6/10/26 17:00,446,1314
"Brownsville, TX",TX,6/10/26 18:00,446,1314
"Brownsville, TX",TX,6/10/26 19:00,446,1314
"Brownsville, TX",TX,6/10/26 20:00,446,1316
"Brownsville, TX",TX,6/10/26 21:00,447,1320
"Brownsville, TX",TX,6/10/26 22:00,448,1326
"Brownsville, TX",TX,6/10/26 23:00,449,1330
"Brownsville, TX",TX,6/11/26 0:00,449,1331
"Brownsville, TX",TX,6/11/26 1:00,449,1331
"Brownsville, TX",TX,6/11/26 2:00,449,1331
"Brownsville, TX",TX,6/11/26 3:00,449,1331
"Brownsville, TX",TX,6/11/26 4:00,449,1331
"Brownsville, TX",TX,6/11/26 5:00,449,1330
"Brownsville, TX",TX,6/11/26 6:00,449,1329
"Brownsville, TX",TX,6/11/26 7:00,449,1328
"Brownsville, TX",TX,6/11/26 8:00,448,1327
"Brownsville, TX",TX,6/11/26 9:00,447,1326
"Brownsville, TX",TX,6/11/26 10:00,446,1325
"Brownsville, TX",TX,6/11/26 18:00,444,1333
"Brownsville, TX",TX,6/11/26 19:00,443,1332
"Brownsville, TX",TX,6/11/26 20:00,443,1332
"Brownsville, TX",TX,6/11/26 21:00,443,1332
"Brownsville, TX",TX,6/11/26 22:00,444,1332
"Brownsville, TX",TX,6/12/26 0:00,446,1332
"Brownsville, TX",TX,6/12/26 1:00,446,1331
"Brownsville, TX",TX,6/12/26 2:00,447,1331
"Brownsville, TX",TX,6/12/26 3:00,448,1332
"Brownsville, TX",TX,6/12/26 4:00,449,1332
"Brownsville, TX",TX,6/12/26 5:00,450,1333
"Brownsville, TX",TX,6/12/26 6:00,451,1334
"Brownsville, TX",TX,6/12/26 7:00,453,1334
"Brownsville, TX",TX,6/12/26 8:00,453,1333
"Brownsville, TX",TX,6/12/26 9:00,451,1329
"Brownsville, TX",TX,6/12/26 10:00,448,1324
"Brownsville, TX",TX,6/12/26 11:00,446,1320
"Brownsville, TX",TX,6/12/26 21:00,446,1319
"Brownsville, TX",TX,6/12/26 22:00,447,1321
"Brownsville, TX",TX,6/12/26 23:00,448,1322
"Brownsville, TX",TX,6/13/26 0:00,448,1322
"Brownsville, TX",TX,6/13/26 1:00,449,1322
"Brownsville, TX",TX,6/13/26 2:00,449,1323
"Brownsville, TX",TX,6/13/26 3:00,450,1325
"Brownsville, TX",TX,6/13/26 4:00,452,1328
"Brownsville, TX",TX,6/13/26 5:00,453,1330
"Brownsville, TX",TX,6/13/26 6:00,454,1331
"Brownsville, TX",TX,6/13/26 7:00,454,1332
"Brownsville, TX",TX,6/13/26 8:00,454,1331
"Brownsville, TX",TX,6/13/26 9:00,452,1328
"Brownsville, TX",TX,6/13/26 10:00,449,1324
"Brownsville, TX",TX,6/13/26 11:00,446,1321
"Brownsville, TX",TX,6/13/26 13:00,444,1321
"Brownsville, TX",TX,6/13/26 14:00,444,1321
"Brownsville, TX",TX,6/13/26 15:00,443,1321
"Brownsville, TX",TX,6/13/26 16:00,443,1320
"Brownsville, TX",TX,6/13/26 17:00,443,1320
"Brownsville, TX",TX,6/13/26 18:00,443,1320
"Brownsville, TX",TX,6/13/26 19:00,444,1320
"Brownsville, TX",TX,6/13/26 21:00,446,1321
"Brownsville, TX",TX,6/13/26 22:00,448,1322
"Brownsville, TX",TX,6/13/26 23:00,451,1325
"Brownsville, TX",TX,6/14/26 0:00,455,1330
"Brownsville, TX",TX,6/14/26 1:00,459,1337
"Brownsville, TX",TX,6/14/26 2:00,463,1343
"Brownsville, TX",TX,6/14/26 3:00,465,1349
"Brownsville, TX",TX,6/14/26 4:00,467,1353
"Brownsville, TX",TX,6/14/26 5:00,466,1354
"Brownsville, TX",TX,6/14/26 6:00,461,1348
"Brownsville, TX",TX,6/14/26 7:00,454,1337
"Brownsville, TX",TX,6/14/26 8:00,448,1329
"Brownsville, TX",TX,6/14/26 9:00,446,1326
"Brownsville, TX",TX,6/14/26 12:00,444,1324
"Brownsville, TX",TX,6/14/26 13:00,444,1322
"Brownsville, TX",TX,6/14/26 14:00,444,1322
"Brownsville, TX",TX,6/14/26 15:00,444,1323
"Brownsville, TX",TX,6/14/26 17:00,446,1329
"Brownsville, TX",TX,6/14/26 18:00,446,1334
"Brownsville, TX",TX,6/14/26 19:00,447,1339
"Brownsville, TX",TX,6/14/26 20:00,447,1341
"Brownsville, TX",TX,6/14/26 21:00,447,1342
"Brownsville, TX",TX,6/14/26 22:00,447,1341
"Brownsville, TX",TX,6/14/26 23:00,447,1341
"Brownsville, TX",TX,6/15/26 0:00,447,1341
"Brownsville, TX",TX,6/15/26 1:00,447,1341
"Brownsville, TX",TX,6/4/26 0:00,451,1330
"Brownsville, TX",TX,6/4/26 1:00,451,1329
"Brownsville, TX",TX,6/4/26 2:00,450,1328
"Brownsville, TX",TX,6/4/26 3:00,450,1329
"Brownsville, TX",TX,6/4/26 4:00,449,1330
"Brownsville, TX",TX,6/4/26 5:00,449,1332
"Brownsville, TX",TX,6/4/26 6:00,450,1334
"Brownsville, TX",TX,6/4/26 7:00,451,1336
"Brownsville, TX",TX,6/4/26 8:00,451,1335
"Brownsville, TX",TX,6/4/26 9:00,450,1330
"Brownsville, TX",TX,6/4/26 10:00,448,1323
"Brownsville, TX",TX,6/4/26 11:00,446,1317
"Brownsville, TX",TX,6/4/26 12:00,446,1315
"Brownsville, TX",TX,6/4/26 13:00,446,1314
"Brownsville, TX",TX,6/4/26 14:00,446,1314
"Brownsville, TX",TX,6/4/26 15:00,446,1314
"Brownsville, TX",TX,6/4/26 16:00,446,1314
"Brownsville, TX",TX,6/4/26 17:00,446,1314
"Brownsville, TX",TX,6/4/26 18:00,446,1314
"Brownsville, TX",TX,6/4/26 19:00,446,1314
"Brownsville, TX",TX,6/4/26 20:00,446,1316
"Brownsville, TX",TX,6/4/26 21:00,447,1320
"Brownsville, TX",TX,6/4/26 22:00,448,1326
"Brownsville, TX",TX,6/4/26 23:00,449,1330
"Brownsville, TX",TX,6/5/26 0:00,449,1331
"Brownsville, TX",TX,6/5/26 1:00,449,1331
"Brownsville, TX",TX,6/5/26 2:00,449,1331
"Brownsville, TX",TX,6/5/26 3:00,449,1331
"Brownsville, TX",TX,6/5/26 4:00,449,1331
"Brownsville, TX",TX,6/5/26 5:00,449,1330
"Brownsville, TX",TX,6/5/26 6:00,449,1329
"Brownsville, TX",TX,6/5/26 7:00,449,1328
"Brownsville, TX",TX,6/5/26 8:00,448,1327
"Brownsville, TX",TX,6/5/26 9:00,447,1326
"Brownsville, TX",TX,6/5/26 10:00,446,1325
"Brownsville, TX",TX,6/5/26 18:00,444,1333
"Brownsville, TX",TX,6/5/26 19:00,443,1332
"Brownsville, TX",TX,6/5/26 20:00,443,1332
"Brownsville, TX",TX,6/5/26 21:00,443,1332
"Brownsville, TX",TX,6/5/26 22:00,444,1332
"Brownsville, TX",TX,6/6/26 0:00,446,1332
"Brownsville, TX",TX,6/6/26 1:00,446,1331
"Brownsville, TX",TX,6/6/26 2:00,447,1331
"Brownsville, TX",TX,6/6/26 3:00,448,1332
"Brownsville, TX",TX,6/6/26 4:00,449,1332
"Brownsville, TX",TX,6/6/26 5:00,450,1333
"Brownsville, TX",TX,6/6/26 6:00,451,1334
"Brownsville, TX",TX,6/6/26 7:00,453,1334
"Brownsville, TX",TX,6/6/26 8:00,453,1333
"Brownsville, TX",TX,6/6/26 9:00,451,1329
"Brownsville, TX",TX,6/6/26 10:00,448,1324
"Brownsville, TX",TX,6/6/26 11:00,446,1320
"Brownsville, TX",TX,6/6/26 21:00,446,1319
"Brownsville, TX",TX,6/6/26 22:00,447,1321
"Brownsville, TX",TX,6/6/26 23:00,448,1322
"Brownsville, TX",TX,6/7/26 0:00,448,1322
"Brownsville, TX",TX,6/7/26 1:00,449,1322
"Brownsville, TX",TX,6/7/26 2:00,449,1323
"Brownsville, TX",TX,6/7/26 3:00,450,1325
"Brownsville, TX",TX,6/7/26 4:00,452,1328
"Brownsville, TX",TX,6/7/26 5:00,453,1330
"Brownsville, TX",TX,6/7/26 6:00,454,1331
"Brownsville, TX",TX,6/7/26 7:00,454,1332
"Brownsville, TX",TX,6/7/26 8:00,454,1331
"Brownsville, TX",TX,6/7/26 9:00,452,1328
"Brownsville, TX",TX,6/7/26 10:00,449,1324
"Brownsville, TX",TX,6/7/26 11:00,446,1321
"Brownsville, TX",TX,6/7/26 13:00,444,1321
"Brownsville, TX",TX,6/7/26 14:00,444,1321
"Brownsville, TX",TX,6/7/26 15:00,443,1321
"Brownsville, TX",TX,6/7/26 16:00,443,1320
"Brownsville, TX",TX,6/7/26 17:00,443,1320
"Brownsville, TX",TX,6/7/26 18:00,443,1320
"Brownsville, TX",TX,6/7/26 19:00,444,1320
"Brownsville, TX",TX,6/7/26 21:00,446,1321
"Brownsville, TX",TX,6/7/26 22:00,448,1322
"Brownsville, TX",TX,6/7/26 23:00,451,1325
"Brownsville, TX",TX,6/8/26 0:00,455,1330
"Brownsville, TX",TX,6/8/26 1:00,459,1337
"Brownsville, TX",TX,6/8/26 2:00,463,1343
"Brownsville, TX",TX,6/8/26 3:00,465,1349
"Brownsville, TX",TX,6/8/26 4:00,467,1353
"Brownsville, TX",TX,6/8/26 5:00,466,1354
"Brownsville, TX",TX,6/8/26 6:00,461,1348
"Brownsville, TX",TX,6/8/26 7:00,454,1337
"Brownsville, TX",TX,6/8/26 8:00,448,1329
"Brownsville, TX",TX,6/8/26 9:00,446,1326
"Brownsville, TX",TX,6/8/26 12:00,444,1324
"Brownsville, TX",TX,6/8/26 13:00,444,1322
"Brownsville, TX",TX,6/8/26 14:00,444,1322
"Brownsville, TX",TX,6/8/26 15:00,444,1323
"Brownsville, TX",TX,6/8/26 17:00,446,1329
"Brownsville, TX",TX,6/8/26 18:00,446,1334
"Brownsville, TX",TX,6/8/26 19:00,447,1339
"Brownsville, TX",TX,6/8/26 20:00,447,1341
"Brownsville, TX",TX,6/8/26 21:00,447,1342
"Brownsville, TX",TX,6/8/26 22:00,447,1341
"Brownsville, TX",TX,6/8/26 23:00,447,1341
"Brownsville, TX",TX,6/9/26 0:00,447,1341
"Brownsville, TX",TX,6/9/26 1:00,447,1341
"Casper, WY",WY,6/3/26 0:00,447,1341
"Casper, WY",WY,6/3/26 1:00,447,1341
"Casper, WY",WY,6/3/26 2:00,447,1341
"Casper, WY",WY,6/3/26 3:00,447,1341
"Casper, WY",WY,6/3/26 4:00,446,1342
"Casper, WY",WY,6/3/26 5:00,446,1342
"Casper, WY",WY,6/3/26 6:00,446,1342
"Casper, WY",WY,6/3/26 7:00,446,1342
"Casper, WY",WY,6/3/26 8:00,446,1342
"Casper, WY",WY,6/3/26 9:00,446,1342
"Casper, WY",WY,6/3/26 13:00,444,1344
"Casper, WY",WY,6/3/26 14:00,444,1345
"Casper, WY",WY,6/3/26 15:00,444,1346
"Casper, WY",WY,6/3/26 16:00,444,1346
"Casper, WY",WY,6/3/26 17:00,444,1346
"Casper, WY",WY,6/3/26 18:00,444,1346
"Casper, WY",WY,6/3/26 19:00,444,1346
"Casper, WY",WY,6/3/26 20:00,444,1346
"Casper, WY",WY,6/3/26 21:00,444,1345
"Casper, WY",WY,6/3/26 22:00,444,1344
"Casper, WY",WY,6/3/26 23:00,444,1343
"Casper, WY",WY,6/10/26 0:00,447,1341
"Casper, WY",WY,6/10/26 1:00,447,1341
"Casper, WY",WY,6/10/26 2:00,447,1341
"Casper, WY",WY,6/10/26 3:00,447,1341
"Casper, WY",WY,6/10/26 4:00,446,1342
"Casper, WY",WY,6/10/26 5:00,446,1342
"Casper, WY",WY,6/10/26 6:00,446,1342
"Casper, WY",WY,6/10/26 7:00,446,1342
"Casper, WY",WY,6/10/26 8:00,446,1342
"Casper, WY",WY,6/10/26 9:00,446,1342
"Casper, WY",WY,6/10/26 13:00,444,1344
"Casper, WY",WY,6/10/26 14:00,444,1345
"Casper, WY",WY,6/10/26 15:00,444,1346
"Casper, WY",WY,6/10/26 16:00,444,1346
"Casper, WY",WY,6/10/26 17:00,444,1346
"Casper, WY",WY,6/10/26 18:00,444,1346
"Casper, WY",WY,6/10/26 19:00,444,1346
"Casper, WY",WY,6/10/26 20:00,444,1346
"Casper, WY",WY,6/10/26 21:00,444,1345
"Casper, WY",WY,6/10/26 22:00,444,1344
"Casper, WY",WY,6/10/26 23:00,444,1343
"Casper, WY",WY,6/11/26 0:00,444,1343
"Casper, WY",WY,6/11/26 1:00,444,1344
"Casper, WY",WY,6/11/26 2:00,444,1344
"Casper, WY",WY,6/11/26 3:00,444,1344
"Casper, WY",WY,6/11/26 4:00,444,1345
"Casper, WY",WY,6/11/26 5:00,444,1345
"Casper, WY",WY,6/11/26 6:00,444,1345
"Casper, WY",WY,6/11/26 7:00,443,1346
"Casper, WY",WY,6/11/26 8:00,443,1346
"Casper, WY",WY,6/11/26 9:00,442,1346
"Casper, WY",WY,6/11/26 10:00,442,1347
"Casper, WY",WY,6/11/26 11:00,441,1347
"Casper, WY",WY,6/11/26 12:00,441,1347
"Casper, WY",WY,6/11/26 13:00,440,1348
"Casper, WY",WY,6/11/26 14:00,440,1348
"Casper, WY",WY,6/11/26 15:00,440,1348
"Casper, WY",WY,6/11/26 16:00,440,1348
"Casper, WY",WY,6/11/26 17:00,440,1348
"Casper, WY",WY,6/11/26 18:00,440,1348
"Casper, WY",WY,6/11/26 19:00,441,1348
"Casper, WY",WY,6/11/26 20:00,441,1348
"Casper, WY",WY,6/11/26 21:00,441,1349
"Casper, WY",WY,6/11/26 22:00,441,1350
"Casper, WY",WY,6/11/26 23:00,443,1351
"Casper, WY",WY,6/12/26 0:00,448,1353
"Casper, WY",WY,6/12/26 1:00,454,1356
"Casper, WY",WY,6/12/26 2:00,458,1357
"Casper, WY",WY,6/12/26 3:00,459,1357
"Casper, WY",WY,6/12/26 4:00,459,1355
"Casper, WY",WY,6/12/26 5:00,458,1354
"Casper, WY",WY,6/12/26 6:00,456,1353
"Casper, WY",WY,6/12/26 7:00,452,1352
"Casper, WY",WY,6/12/26 8:00,449,1351
"Casper, WY",WY,6/12/26 9:00,447,1349
"Casper, WY",WY,6/12/26 11:00,443,1346
"Casper, WY",WY,6/12/26 12:00,442,1345
"Casper, WY",WY,6/12/26 13:00,442,1344
"Casper, WY",WY,6/12/26 14:00,442,1344
"Casper, WY",WY,6/12/26 15:00,442,1343
"Casper, WY",WY,6/12/26 16:00,443,1343
"Casper, WY",WY,6/12/26 17:00,443,1343
"Casper, WY",WY,6/12/26 18:00,443,1343
"Casper, WY",WY,6/12/26 19:00,444,1344
"Casper, WY",WY,6/12/26 20:00,444,1345
"Casper, WY",WY,6/12/26 23:00,446,1347
"Casper, WY",WY,6/13/26 0:00,446,1345
"Casper, WY",WY,6/13/26 1:00,447,1344
"Casper, WY",WY,6/13/26 2:00,447,1348
"Casper, WY",WY,6/13/26 3:00,447,1366
"Casper, WY",WY,6/13/26 4:00,446,1390
"Casper, WY",WY,6/13/26 5:00,446,1405
"Casper, WY",WY,6/13/26 6:00,446,1402
"Casper, WY",WY,6/13/26 7:00,447,1390
"Casper, WY",WY,6/13/26 8:00,447,1382
"Casper, WY",WY,6/13/26 9:00,447,1384
"Casper, WY",WY,6/13/26 10:00,447,1389
"Casper, WY",WY,6/13/26 11:00,446,1391
"Casper, WY",WY,6/13/26 13:00,443,1379
"Casper, WY",WY,6/13/26 14:00,442,1373
"Casper, WY",WY,6/13/26 15:00,441,1372
"Casper, WY",WY,6/13/26 16:00,441,1374
"Casper, WY",WY,6/13/26 17:00,441,1374
"Casper, WY",WY,6/13/26 18:00,441,1372
"Casper, WY",WY,6/13/26 19:00,440,1368
"Casper, WY",WY,6/13/26 20:00,440,1367
"Casper, WY",WY,6/13/26 21:00,439,1369
"Casper, WY",WY,6/13/26 22:00,438,1373
"Casper, WY",WY,6/13/26 23:00,438,1376
"Casper, WY",WY,6/14/26 0:00,438,1375
"Casper, WY",WY,6/14/26 1:00,439,1374
"Casper, WY",WY,6/14/26 2:00,439,1374
"Casper, WY",WY,6/14/26 3:00,439,1378
"Casper, WY",WY,6/14/26 4:00,439,1384
"Casper, WY",WY,6/14/26 5:00,439,1390
"Casper, WY",WY,6/14/26 6:00,439,1399
"Casper, WY",WY,6/14/26 7:00,440,1410
"Casper, WY",WY,6/14/26 8:00,440,1412
"Casper, WY",WY,6/14/26 9:00,440,1399
"Casper, WY",WY,6/14/26 10:00,441,1379
"Casper, WY",WY,6/14/26 11:00,441,1365
"Casper, WY",WY,6/14/26 12:00,442,1366
"Casper, WY",WY,6/14/26 13:00,442,1373
"Casper, WY",WY,6/14/26 14:00,443,1379
"Casper, WY",WY,6/14/26 15:00,443,1379
"Casper, WY",WY,6/14/26 16:00,443,1378
"Casper, WY",WY,6/14/26 17:00,443,1376
"Casper, WY",WY,6/14/26 18:00,443,1375
"Casper, WY",WY,6/14/26 19:00,443,1374
"Casper, WY",WY,6/14/26 20:00,443,1373
"Casper, WY",WY,6/14/26 21:00,443,1373
"Casper, WY",WY,6/14/26 22:00,443,1373
"Casper, WY",WY,6/14/26 23:00,443,1373
"Casper, WY",WY,6/15/26 0:00,443,1373
"Casper, WY",WY,6/15/26 1:00,443,1373
"Casper, WY",WY,6/4/26 0:00,447,1341
"Casper, WY",WY,6/4/26 1:00,447,1341
"Casper, WY",WY,6/4/26 2:00,447,1341
"Casper, WY",WY,6/4/26 3:00,447,1341
"Casper, WY",WY,6/4/26 4:00,446,1342
"Casper, WY",WY,6/4/26 5:00,446,1342
"Casper, WY",WY,6/4/26 6:00,446,1342
"Casper, WY",WY,6/4/26 7:00,446,1342
"Casper, WY",WY,6/4/26 8:00,446,1342
"Casper, WY",WY,6/4/26 9:00,446,1342
"Casper, WY",WY,6/4/26 13:00,444,1344
"Casper, WY",WY,6/4/26 14:00,444,1345
"Casper, WY",WY,6/4/26 15:00,444,1346
"Casper, WY",WY,6/4/26 16:00,444,1346
"Casper, WY",WY,6/4/26 17:00,444,1346
"Casper, WY",WY,6/4/26 18:00,444,1346
"Casper, WY",WY,6/4/26 19:00,444,1346
"Casper, WY",WY,6/4/26 20:00,444,1346
"Casper, WY",WY,6/4/26 21:00,444,1345
"Casper, WY",WY,6/4/26 22:00,444,1344
"Casper, WY",WY,6/4/26 23:00,444,1343
"Casper, WY",WY,6/5/26 0:00,444,1343
"Casper, WY",WY,6/5/26 1:00,444,1344
"Casper, WY",WY,6/5/26 2:00,444,1344
"Casper, WY",WY,6/5/26 3:00,444,1344
"Casper, WY",WY,6/5/26 4:00,444,1345
"Casper, WY",WY,6/5/26 5:00,444,1345
"Casper, WY",WY,6/5/26 6:00,444,1345
"Casper, WY",WY,6/5/26 7:00,443,1346
"Casper, WY",WY,6/5/26 8:00,443,1346
"Casper, WY",WY,6/5/26 9:00,442,1346
"Casper, WY",WY,6/5/26 10:00,442,1347
"Casper, WY",WY,6/5/26 11:00,441,1347
"Casper, WY",WY,6/5/26 12:00,441,1347
"Casper, WY",WY,6/5/26 13:00,440,1348
"Casper, WY",WY,6/5/26 14:00,440,1348
"Casper, WY",WY,6/5/26 15:00,440,1348
"Casper, WY",WY,6/5/26 16:00,440,1348
"Casper, WY",WY,6/5/26 17:00,440,1348
"Casper, WY",WY,6/5/26 18:00,440,1348
"Casper, WY",WY,6/5/26 19:00,441,1348
"Casper, WY",WY,6/5/26 20:00,441,1348
"Casper, WY",WY,6/5/26 21:00,441,1349
"Casper, WY",WY,6/5/26 22:00,441,1350
"Casper, WY",WY,6/5/26 23:00,443,1351
"Casper, WY",WY,6/6/26 0:00,448,1353
"Casper, WY",WY,6/6/26 1:00,454,1356
"Casper, WY",WY,6/6/26 2:00,458,1357
"Casper, WY",WY,6/6/26 3:00,459,1357
"Casper, WY",WY,6/6/26 4:00,459,1355
"Casper, WY",WY,6/6/26 5:00,458,1354
"Casper, WY",WY,6/6/26 6:00,456,1353
"Casper, WY",WY,6/6/26 7:00,452,1352
"Casper, WY",WY,6/6/26 8:00,449,1351
"Casper, WY",WY,6/6/26 9:00,447,1349
"Casper, WY",WY,6/6/26 11:00,443,1346
"Casper, WY",WY,6/6/26 12:00,442,1345
"Casper, WY",WY,6/6/26 13:00,442,1344
"Casper, WY",WY,6/6/26 14:00,442,1344
"Casper, WY",WY,6/6/26 15:00,442,1343
"Casper, WY",WY,6/6/26 16:00,443,1343
"Casper, WY",WY,6/6/26 17:00,443,1343
"Casper, WY",WY,6/6/26 18:00,443,1343
"Casper, WY",WY,6/6/26 19:00,444,1344
"Casper, WY",WY,6/6/26 20:00,444,1345
"Casper, WY",WY,6/6/26 23:00,446,1347
"Casper, WY",WY,6/7/26 0:00,446,1345
"Casper, WY",WY,6/7/26 1:00,447,1344
"Casper, WY",WY,6/7/26 2:00,447,1348
"Casper, WY",WY,6/7/26 3:00,447,1366
"Casper, WY",WY,6/7/26 4:00,446,1390
"Casper, WY",WY,6/7/26 5:00,446,1405
"Casper, WY",WY,6/7/26 6:00,446,1402
"Casper, WY",WY,6/7/26 7:00,447,1390
"Casper, WY",WY,6/7/26 8:00,447,1382
"Casper, WY",WY,6/7/26 9:00,447,1384
"Casper, WY",WY,6/7/26 10:00,447,1389
"Casper, WY",WY,6/7/26 11:00,446,1391
"Casper, WY",WY,6/7/26 13:00,443,1379
"Casper, WY",WY,6/7/26 14:00,442,1373
"Casper, WY",WY,6/7/26 15:00,441,1372
"Casper, WY",WY,6/7/26 16:00,441,1374
"Casper, WY",WY,6/7/26 17:00,441,1374
"Casper, WY",WY,6/7/26 18:00,441,1372
"Casper, WY",WY,6/7/26 19:00,440,1368
"Casper, WY",WY,6/7/26 20:00,440,1367
"Casper, WY",WY,6/7/26 21:00,439,1369
"Casper, WY",WY,6/7/26 22:00,438,1373
"Casper, WY",WY,6/7/26 23:00,438,1376
"Casper, WY",WY,6/8/26 0:00,438,1375
"Casper, WY",WY,6/8/26 1:00,439,1374
"Casper, WY",WY,6/8/26 2:00,439,1374
"Casper, WY",WY,6/8/26 3:00,439,1378
"Casper, WY",WY,6/8/26 4:00,439,1384
"Casper, WY",WY,6/8/26 5:00,439,1390
"Casper, WY",WY,6/8/26 6:00,439,1399
"Casper, WY",WY,6/8/26 7:00,440,1410
"Casper, WY",WY,6/8/26 8:00,440,1412
"Casper, WY",WY,6/8/26 9:00,440,1399
"Casper, WY",WY,6/8/26 10:00,441,1379
"Casper, WY",WY,6/8/26 11:00,441,1365
"Casper, WY",WY,6/8/26 12:00,442,1366
"Casper, WY",WY,6/8/26 13:00,442,1373
"Casper, WY",WY,6/8/26 14:00,443,1379
"Casper, WY",WY,6/8/26 15:00,443,1379
"Casper, WY",WY,6/8/26 16:00,443,1378
"Casper, WY",WY,6/8/26 17:00,443,1376
"Casper, WY",WY,6/8/26 18:00,443,1375
"Casper, WY",WY,6/8/26 19:00,443,1374
"Casper, WY",WY,6/8/26 20:00,443,1373
"Casper, WY",WY,6/8/26 21:00,443,1373
"Casper, WY",WY,6/8/26 22:00,443,1373
"Casper, WY",WY,6/8/26 23:00,443,1373
"Casper, WY",WY,6/9/26 0:00,443,1373
"Casper, WY",WY,6/9/26 1:00,443,1373
"Eugene, OR",OR,6/3/26 0:00,442,1346
"Eugene, OR",OR,6/3/26 2:00,447,1348
"Eugene, OR",OR,6/3/26 3:00,450,1349
"Eugene, OR",OR,6/3/26 4:00,453,1349
"Eugene, OR",OR,6/3/26 5:00,456,1350
"Eugene, OR",OR,6/3/26 6:00,457,1351
"Eugene, OR",OR,6/3/26 7:00,458,1352
"Eugene, OR",OR,6/3/26 8:00,457,1352
"Eugene, OR",OR,6/3/26 9:00,454,1351
"Eugene, OR",OR,6/3/26 10:00,449,1349
"Eugene, OR",OR,6/3/26 12:00,444,1348
"Eugene, OR",OR,6/3/26 13:00,443,1349
"Eugene, OR",OR,6/3/26 14:00,443,1349
"Eugene, OR",OR,6/3/26 15:00,443,1349
"Eugene, OR",OR,6/3/26 16:00,442,1348
"Eugene, OR",OR,6/3/26 17:00,442,1348
"Eugene, OR",OR,6/3/26 18:00,441,1348
"Eugene, OR",OR,6/3/26 19:00,441,1348
"Eugene, OR",OR,6/3/26 20:00,440,1348
"Eugene, OR",OR,6/3/26 21:00,439,1349
"Eugene, OR",OR,6/3/26 22:00,439,1351
"Eugene, OR",OR,6/3/26 23:00,439,1352
"Eugene, OR",OR,6/10/26 0:00,442,1346
"Eugene, OR",OR,6/10/26 2:00,447,1348
"Eugene, OR",OR,6/10/26 3:00,450,1349
"Eugene, OR",OR,6/10/26 4:00,453,1349
"Eugene, OR",OR,6/10/26 5:00,456,1350
"Eugene, OR",OR,6/10/26 6:00,457,1351
"Eugene, OR",OR,6/10/26 7:00,458,1352
"Eugene, OR",OR,6/10/26 8:00,457,1352
"Eugene, OR",OR,6/10/26 9:00,454,1351
"Eugene, OR",OR,6/10/26 10:00,449,1349
"Eugene, OR",OR,6/10/26 12:00,444,1348
"Eugene, OR",OR,6/10/26 13:00,443,1349
"Eugene, OR",OR,6/10/26 14:00,443,1349
"Eugene, OR",OR,6/10/26 15:00,443,1349
"Eugene, OR",OR,6/10/26 16:00,442,1348
"Eugene, OR",OR,6/10/26 17:00,442,1348
"Eugene, OR",OR,6/10/26 18:00,441,1348
"Eugene, OR",OR,6/10/26 19:00,441,1348
"Eugene, OR",OR,6/10/26 20:00,440,1348
"Eugene, OR",OR,6/10/26 21:00,439,1349
"Eugene, OR",OR,6/10/26 22:00,439,1351
"Eugene, OR",OR,6/10/26 23:00,439,1352
"Eugene, OR",OR,6/11/26 0:00,441,1353
"Eugene, OR",OR,6/11/26 1:00,443,1353
"Eugene, OR",OR,6/11/26 3:00,447,1356
"Eugene, OR",OR,6/11/26 4:00,448,1358
"Eugene, OR",OR,6/11/26 5:00,449,1360
"Eugene, OR",OR,6/11/26 6:00,450,1361
"Eugene, OR",OR,6/11/26 7:00,451,1361
"Eugene, OR",OR,6/11/26 8:00,450,1362
"Eugene, OR",OR,6/11/26 9:00,447,1364
"Eugene, OR",OR,6/11/26 10:00,443,1366
"Eugene, OR",OR,6/11/26 11:00,440,1368
"Eugene, OR",OR,6/11/26 12:00,439,1368
"Eugene, OR",OR,6/11/26 13:00,440,1368
"Eugene, OR",OR,6/11/26 14:00,440,1366
"Eugene, OR",OR,6/11/26 15:00,440,1363
"Eugene, OR",OR,6/11/26 16:00,439,1359
"Eugene, OR",OR,6/11/26 17:00,439,1355
"Eugene, OR",OR,6/11/26 18:00,439,1353
"Eugene, OR",OR,6/11/26 19:00,440,1351
"Eugene, OR",OR,6/11/26 20:00,440,1350
"Eugene, OR",OR,6/11/26 21:00,439,1350
"Eugene, OR",OR,6/11/26 22:00,438,1350
"Eugene, OR",OR,6/11/26 23:00,437,1351
"Eugene, OR",OR,6/12/26 0:00,437,1352
"Eugene, OR",OR,6/12/26 1:00,437,1353
"Eugene, OR",OR,6/12/26 2:00,437,1354
"Eugene, OR",OR,6/12/26 3:00,437,1355
"Eugene, OR",OR,6/12/26 4:00,437,1356
"Eugene, OR",OR,6/12/26 5:00,438,1357
"Eugene, OR",OR,6/12/26 6:00,440,1359
"Eugene, OR",OR,6/12/26 7:00,443,1360
"Eugene, OR",OR,6/12/26 9:00,443,1363
"Eugene, OR",OR,6/12/26 10:00,440,1364
"Eugene, OR",OR,6/12/26 11:00,438,1364
"Eugene, OR",OR,6/12/26 12:00,439,1361
"Eugene, OR",OR,6/12/26 13:00,441,1357
"Eugene, OR",OR,6/12/26 14:00,443,1352
"Eugene, OR",OR,6/12/26 15:00,444,1347
"Eugene, OR",OR,6/12/26 18:00,444,1340
"Eugene, OR",OR,6/12/26 19:00,443,1341
"Eugene, OR",OR,6/12/26 20:00,442,1343
"Eugene, OR",OR,6/12/26 21:00,440,1346
"Eugene, OR",OR,6/12/26 22:00,439,1349
"Eugene, OR",OR,6/12/26 23:00,437,1352
"Eugene, OR",OR,6/13/26 0:00,436,1354
"Eugene, OR",OR,6/13/26 1:00,435,1356
"Eugene, OR",OR,6/13/26 2:00,434,1357
"Eugene, OR",OR,6/13/26 3:00,434,1357
"Eugene, OR",OR,6/13/26 4:00,433,1356
"Eugene, OR",OR,6/13/26 5:00,434,1355
"Eugene, OR",OR,6/13/26 6:00,436,1355
"Eugene, OR",OR,6/13/26 7:00,438,1355
"Eugene, OR",OR,6/13/26 8:00,440,1356
"Eugene, OR",OR,6/13/26 9:00,440,1357
"Eugene, OR",OR,6/13/26 10:00,439,1357
"Eugene, OR",OR,6/13/26 11:00,438,1359
"Eugene, OR",OR,6/13/26 12:00,439,1362
"Eugene, OR",OR,6/13/26 13:00,441,1366
"Eugene, OR",OR,6/13/26 14:00,442,1369
"Eugene, OR",OR,6/13/26 15:00,441,1371
"Eugene, OR",OR,6/13/26 16:00,439,1372
"Eugene, OR",OR,6/13/26 17:00,437,1371
"Eugene, OR",OR,6/13/26 18:00,436,1367
"Eugene, OR",OR,6/13/26 19:00,435,1361
"Eugene, OR",OR,6/13/26 20:00,434,1357
"Eugene, OR",OR,6/13/26 21:00,433,1356
"Eugene, OR",OR,6/13/26 22:00,433,1356
"Eugene, OR",OR,6/13/26 23:00,433,1357
"Eugene, OR",OR,6/14/26 0:00,433,1360
"Eugene, OR",OR,6/14/26 1:00,433,1364
"Eugene, OR",OR,6/14/26 2:00,434,1367
"Eugene, OR",OR,6/14/26 3:00,435,1369
"Eugene, OR",OR,6/14/26 4:00,437,1369
"Eugene, OR",OR,6/14/26 5:00,440,1369
"Eugene, OR",OR,6/14/26 6:00,447,1367
"Eugene, OR",OR,6/14/26 7:00,455,1363
"Eugene, OR",OR,6/14/26 8:00,460,1361
"Eugene, OR",OR,6/14/26 9:00,460,1361
"Eugene, OR",OR,6/14/26 10:00,456,1363
"Eugene, OR",OR,6/14/26 11:00,452,1364
"Eugene, OR",OR,6/14/26 12:00,447,1365
"Eugene, OR",OR,6/14/26 13:00,441,1366
"Eugene, OR",OR,6/14/26 14:00,437,1365
"Eugene, OR",OR,6/14/26 15:00,435,1361
"Eugene, OR",OR,6/14/26 16:00,434,1356
"Eugene, OR",OR,6/14/26 17:00,434,1352
"Eugene, OR",OR,6/14/26 18:00,435,1351
"Eugene, OR",OR,6/14/26 19:00,436,1352
"Eugene, OR",OR,6/14/26 20:00,437,1352
"Eugene, OR",OR,6/14/26 21:00,437,1352
"Eugene, OR",OR,6/14/26 22:00,437,1352
"Eugene, OR",OR,6/14/26 23:00,437,1352
"Eugene, OR",OR,6/15/26 0:00,437,1352
"Eugene, OR",OR,6/15/26 1:00,437,1352
"Eugene, OR",OR,6/4/26 0:00,442,1346
"Eugene, OR",OR,6/4/26 2:00,447,1348
"Eugene, OR",OR,6/4/26 3:00,450,1349
"Eugene, OR",OR,6/4/26 4:00,453,1349
"Eugene, OR",OR,6/4/26 5:00,456,1350
"Eugene, OR",OR,6/4/26 6:00,457,1351
"Eugene, OR",OR,6/4/26 7:00,458,1352
"Eugene, OR",OR,6/4/26 8:00,457,1352
"Eugene, OR",OR,6/4/26 9:00,454,1351
"Eugene, OR",OR,6/4/26 10:00,449,1349
"Eugene, OR",OR,6/4/26 12:00,444,1348
"Eugene, OR",OR,6/4/26 13:00,443,1349
"Eugene, OR",OR,6/4/26 14:00,443,1349
"Eugene, OR",OR,6/4/26 15:00,443,1349
"Eugene, OR",OR,6/4/26 16:00,442,1348
"Eugene, OR",OR,6/4/26 17:00,442,1348
"Eugene, OR",OR,6/4/26 18:00,441,1348
"Eugene, OR",OR,6/4/26 19:00,441,1348
"Eugene, OR",OR,6/4/26 20:00,440,1348
"Eugene, OR",OR,6/4/26 21:00,439,1349
"Eugene, OR",OR,6/4/26 22:00,439,1351
"Eugene, OR",OR,6/4/26 23:00,439,1352
"Eugene, OR",OR,6/5/26 0:00,441,1353
"Eugene, OR",OR,6/5/26 1:00,443,1353
"Eugene, OR",OR,6/5/26 3:00,447,1356
"Eugene, OR",OR,6/5/26 4:00,448,1358
"Eugene, OR",OR,6/5/26 5:00,449,1360
"Eugene, OR",OR,6/5/26 6:00,450,1361
"Eugene, OR",OR,6/5/26 7:00,451,1361
"Eugene, OR",OR,6/5/26 8:00,450,1362
"Eugene, OR",OR,6/5/26 9:00,447,1364
"Eugene, OR",OR,6/5/26 10:00,443,1366
"Eugene, OR",OR,6/5/26 11:00,440,1368
"Eugene, OR",OR,6/5/26 12:00,439,1368
"Eugene, OR",OR,6/5/26 13:00,440,1368
"Eugene, OR",OR,6/5/26 14:00,440,1366
"Eugene, OR",OR,6/5/26 15:00,440,1363
"Eugene, OR",OR,6/5/26 16:00,439,1359
"Eugene, OR",OR,6/5/26 17:00,439,1355
"Eugene, OR",OR,6/5/26 18:00,439,1353
"Eugene, OR",OR,6/5/26 19:00,440,1351
"Eugene, OR",OR,6/5/26 20:00,440,1350
"Eugene, OR",OR,6/5/26 21:00,439,1350
"Eugene, OR",OR,6/5/26 22:00,438,1350
"Eugene, OR",OR,6/5/26 23:00,437,1351
"Eugene, OR",OR,6/6/26 0:00,437,1352
"Eugene, OR",OR,6/6/26 1:00,437,1353
"Eugene, OR",OR,6/6/26 2:00,437,1354
"Eugene, OR",OR,6/6/26 3:00,437,1355
"Eugene, OR",OR,6/6/26 4:00,437,1356
"Eugene, OR",OR,6/6/26 5:00,438,1357
"Eugene, OR",OR,6/6/26 6:00,440,1359
"Eugene, OR",OR,6/6/26 7:00,443,1360
"Eugene, OR",OR,6/6/26 9:00,443,1363
"Eugene, OR",OR,6/6/26 10:00,440,1364
"Eugene, OR",OR,6/6/26 11:00,438,1364
"Eugene, OR",OR,6/6/26 12:00,439,1361
"Eugene, OR",OR,6/6/26 13:00,441,1357
"Eugene, OR",OR,6/6/26 14:00,443,1352
"Eugene, OR",OR,6/6/26 15:00,444,1347
"Eugene, OR",OR,6/6/26 18:00,444,1340
"Eugene, OR",OR,6/6/26 19:00,443,1341
"Eugene, OR",OR,6/6/26 20:00,442,1343
"Eugene, OR",OR,6/6/26 21:00,440,1346
"Eugene, OR",OR,6/6/26 22:00,439,1349
"Eugene, OR",OR,6/6/26 23:00,437,1352
"Eugene, OR",OR,6/7/26 0:00,436,1354
"Eugene, OR",OR,6/7/26 1:00,435,1356
"Eugene, OR",OR,6/7/26 2:00,434,1357
"Eugene, OR",OR,6/7/26 3:00,434,1357
"Eugene, OR",OR,6/7/26 4:00,433,1356
"Eugene, OR",OR,6/7/26 5:00,434,1355
"Eugene, OR",OR,6/7/26 6:00,436,1355
"Eugene, OR",OR,6/7/26 7:00,438,1355
"Eugene, OR",OR,6/7/26 8:00,440,1356
"Eugene, OR",OR,6/7/26 9:00,440,1357
"Eugene, OR",OR,6/7/26 10:00,439,1357
"Eugene, OR",OR,6/7/26 11:00,438,1359
"Eugene, OR",OR,6/7/26 12:00,439,1362
"Eugene, OR",OR,6/7/26 13:00,441,1366
"Eugene, OR",OR,6/7/26 14:00,442,1369
"Eugene, OR",OR,6/7/26 15:00,441,1371
"Eugene, OR",OR,6/7/26 16:00,439,1372
"Eugene, OR",OR,6/7/26 17:00,437,1371
"Eugene, OR",OR,6/7/26 18:00,436,1367
"Eugene, OR",OR,6/7/26 19:00,435,1361
"Eugene, OR",OR,6/7/26 20:00,434,1357
"Eugene, OR",OR,6/7/26 21:00,433,1356
"Eugene, OR",OR,6/7/26 22:00,433,1356
"Eugene, OR",OR,6/7/26 23:00,433,1357
"Eugene, OR",OR,6/8/26 0:00,433,1360
"Eugene, OR",OR,6/8/26 1:00,433,1364
"Eugene, OR",OR,6/8/26 2:00,434,1367
"Eugene, OR",OR,6/8/26 3:00,435,1369
"Eugene, OR",OR,6/8/26 4:00,437,1369
"Eugene, OR",OR,6/8/26 5:00,440,1369
"Eugene, OR",OR,6/8/26 6:00,447,1367
"Eugene, OR",OR,6/8/26 7:00,455,1363
"Eugene, OR",OR,6/8/26 8:00,460,1361
"Eugene, OR",OR,6/8/26 9:00,460,1361
"Eugene, OR",OR,6/8/26 10:00,456,1363
"Eugene, OR",OR,6/8/26 11:00,452,1364
"Eugene, OR",OR,6/8/26 12:00,447,1365
"Eugene, OR",OR,6/8/26 13:00,441,1366
"Eugene, OR",OR,6/8/26 14:00,437,1365
"Eugene, OR",OR,6/8/26 15:00,435,1361
"Eugene, OR",OR,6/8/26 16:00,434,1356
"Eugene, OR",OR,6/8/26 17:00,434,1352
"Eugene, OR",OR,6/8/26 18:00,435,1351
"Eugene, OR",OR,6/8/26 19:00,436,1352
"Eugene, OR",OR,6/8/26 20:00,437,1352
"Eugene, OR",OR,6/8/26 21:00,437,1352
"Eugene, OR",OR,6/8/26 22:00,437,1352
"Eugene, OR",OR,6/8/26 23:00,437,1352
"Eugene, OR",OR,6/9/26 0:00,437,1352
"Eugene, OR",OR,6/9/26 1:00,437,1352
"Louisville, KY",KY,6/3/26 0:00,448,1385
"Louisville, KY",KY,6/3/26 1:00,447,1387
"Louisville, KY",KY,6/3/26 2:00,447,1387
"Louisville, KY",KY,6/3/26 3:00,448,1380
"Louisville, KY",KY,6/3/26 4:00,449,1371
"Louisville, KY",KY,6/3/26 5:00,450,1365
"Louisville, KY",KY,6/3/26 6:00,451,1367
"Louisville, KY",KY,6/3/26 7:00,452,1372
"Louisville, KY",KY,6/3/26 8:00,452,1376
"Louisville, KY",KY,6/3/26 9:00,450,1378
"Louisville, KY",KY,6/3/26 10:00,447,1378
"Louisville, KY",KY,6/3/26 11:00,444,1377
"Louisville, KY",KY,6/3/26 12:00,443,1374
"Louisville, KY",KY,6/3/26 13:00,443,1369
"Louisville, KY",KY,6/3/26 14:00,443,1365
"Louisville, KY",KY,6/3/26 15:00,443,1364
"Louisville, KY",KY,6/3/26 16:00,442,1364
"Louisville, KY",KY,6/3/26 17:00,442,1365
"Louisville, KY",KY,6/3/26 18:00,441,1368
"Louisville, KY",KY,6/3/26 19:00,439,1372
"Louisville, KY",KY,6/3/26 20:00,439,1374
"Louisville, KY",KY,6/3/26 21:00,441,1370
"Louisville, KY",KY,6/3/26 23:00,448,1360
"Louisville, KY",KY,6/10/26 0:00,448,1385
"Louisville, KY",KY,6/10/26 1:00,447,1387
"Louisville, KY",KY,6/10/26 2:00,447,1387
"Louisville, KY",KY,6/10/26 3:00,448,1380
"Louisville, KY",KY,6/10/26 4:00,449,1371
"Louisville, KY",KY,6/10/26 5:00,450,1365
"Louisville, KY",KY,6/10/26 6:00,451,1367
"Louisville, KY",KY,6/10/26 7:00,452,1372
"Louisville, KY",KY,6/10/26 8:00,452,1376
"Louisville, KY",KY,6/10/26 9:00,450,1378
"Louisville, KY",KY,6/10/26 10:00,447,1378
"Louisville, KY",KY,6/10/26 11:00,444,1377
"Louisville, KY",KY,6/10/26 12:00,443,1374
"Louisville, KY",KY,6/10/26 13:00,443,1369
"Louisville, KY",KY,6/10/26 14:00,443,1365
"Louisville, KY",KY,6/10/26 15:00,443,1364
"Louisville, KY",KY,6/10/26 16:00,442,1364
"Louisville, KY",KY,6/10/26 17:00,442,1365
"Louisville, KY",KY,6/10/26 18:00,441,1368
"Louisville, KY",KY,6/10/26 19:00,439,1372
"Louisville, KY",KY,6/10/26 20:00,439,1374
"Louisville, KY",KY,6/10/26 21:00,441,1370
"Louisville, KY",KY,6/10/26 23:00,448,1360
"Louisville, KY",KY,6/11/26 0:00,451,1362
"Louisville, KY",KY,6/11/26 1:00,453,1367
"Louisville, KY",KY,6/11/26 2:00,456,1373
"Louisville, KY",KY,6/11/26 3:00,459,1379
"Louisville, KY",KY,6/11/26 4:00,461,1387
"Louisville, KY",KY,6/11/26 5:00,463,1392
"Louisville, KY",KY,6/11/26 6:00,463,1395
"Louisville, KY",KY,6/11/26 7:00,462,1397
"Louisville, KY",KY,6/11/26 8:00,460,1396
"Louisville, KY",KY,6/11/26 9:00,457,1390
"Louisville, KY",KY,6/11/26 10:00,453,1381
"Louisville, KY",KY,6/11/26 11:00,450,1374
"Louisville, KY",KY,6/11/26 12:00,449,1371
"Louisville, KY",KY,6/11/26 13:00,448,1370
"Louisville, KY",KY,6/11/26 14:00,448,1369
"Louisville, KY",KY,6/11/26 15:00,448,1367
"Louisville, KY",KY,6/11/26 16:00,448,1364
"Louisville, KY",KY,6/11/26 17:00,447,1364
"Louisville, KY",KY,6/11/26 19:00,443,1373
"Louisville, KY",KY,6/11/26 20:00,442,1376
"Louisville, KY",KY,6/11/26 21:00,443,1376
"Louisville, KY",KY,6/11/26 22:00,446,1374
"Louisville, KY",KY,6/11/26 23:00,448,1371
"Louisville, KY",KY,6/12/26 0:00,450,1368
"Louisville, KY",KY,6/12/26 1:00,451,1365
"Louisville, KY",KY,6/12/26 2:00,452,1363
"Louisville, KY",KY,6/12/26 3:00,453,1365
"Louisville, KY",KY,6/12/26 4:00,454,1369
"Louisville, KY",KY,6/12/26 5:00,454,1372
"Louisville, KY",KY,6/12/26 6:00,454,1374
"Louisville, KY",KY,6/12/26 7:00,454,1376
"Louisville, KY",KY,6/12/26 8:00,454,1376
"Louisville, KY",KY,6/12/26 9:00,453,1372
"Louisville, KY",KY,6/12/26 10:00,451,1365
"Louisville, KY",KY,6/12/26 11:00,449,1360
"Louisville, KY",KY,6/12/26 12:00,446,1356
"Louisville, KY",KY,6/12/26 13:00,443,1354
"Louisville, KY",KY,6/12/26 14:00,440,1352
"Louisville, KY",KY,6/12/26 15:00,438,1352
"Louisville, KY",KY,6/12/26 16:00,436,1354
"Louisville, KY",KY,6/12/26 17:00,435,1355
"Louisville, KY",KY,6/12/26 18:00,433,1356
"Louisville, KY",KY,6/12/26 19:00,432,1357
"Louisville, KY",KY,6/12/26 20:00,432,1359
"Louisville, KY",KY,6/12/26 21:00,434,1362
"Louisville, KY",KY,6/12/26 22:00,437,1365
"Louisville, KY",KY,6/12/26 23:00,441,1368
"Louisville, KY",KY,6/13/26 0:00,444,1369
"Louisville, KY",KY,6/13/26 1:00,448,1370
"Louisville, KY",KY,6/13/26 2:00,453,1373
"Louisville, KY",KY,6/13/26 3:00,461,1376
"Louisville, KY",KY,6/13/26 4:00,469,1381
"Louisville, KY",KY,6/13/26 5:00,475,1392
"Louisville, KY",KY,6/13/26 6:00,477,1417
"Louisville, KY",KY,6/13/26 7:00,476,1449
"Louisville, KY",KY,6/13/26 8:00,472,1463
"Louisville, KY",KY,6/13/26 9:00,464,1445
"Louisville, KY",KY,6/13/26 10:00,453,1411
"Louisville, KY",KY,6/13/26 11:00,444,1384
"Louisville, KY",KY,6/13/26 12:00,439,1374
"Louisville, KY",KY,6/13/26 13:00,437,1371
"Louisville, KY",KY,6/13/26 14:00,435,1369
"Louisville, KY",KY,6/13/26 15:00,434,1366
"Louisville, KY",KY,6/13/26 16:00,434,1365
"Louisville, KY",KY,6/13/26 17:00,434,1364
"Louisville, KY",KY,6/13/26 18:00,434,1364
"Louisville, KY",KY,6/13/26 19:00,434,1365
"Louisville, KY",KY,6/13/26 20:00,434,1366
"Louisville, KY",KY,6/13/26 21:00,435,1368
"Louisville, KY",KY,6/13/26 22:00,435,1369
"Louisville, KY",KY,6/13/26 23:00,437,1371
"Louisville, KY",KY,6/14/26 0:00,440,1372
"Louisville, KY",KY,6/14/26 1:00,443,1373
"Louisville, KY",KY,6/14/26 2:00,446,1373
"Louisville, KY",KY,6/14/26 3:00,449,1373
"Louisville, KY",KY,6/14/26 4:00,451,1372
"Louisville, KY",KY,6/14/26 5:00,453,1372
"Louisville, KY",KY,6/14/26 6:00,455,1372
"Louisville, KY",KY,6/14/26 7:00,457,1372
"Louisville, KY",KY,6/14/26 8:00,457,1372
"Louisville, KY",KY,6/14/26 9:00,455,1373
"Louisville, KY",KY,6/14/26 10:00,452,1375
"Louisville, KY",KY,6/14/26 11:00,449,1374
"Louisville, KY",KY,6/14/26 12:00,447,1369
"Louisville, KY",KY,6/14/26 14:00,443,1355
"Louisville, KY",KY,6/14/26 15:00,442,1352
"Louisville, KY",KY,6/14/26 16:00,440,1350
"Louisville, KY",KY,6/14/26 17:00,439,1350
"Louisville, KY",KY,6/14/26 18:00,437,1351
"Louisville, KY",KY,6/14/26 19:00,434,1354
"Louisville, KY",KY,6/14/26 20:00,433,1355
"Louisville, KY",KY,6/14/26 21:00,433,1355
"Louisville, KY",KY,6/14/26 22:00,433,1355
"Louisville, KY",KY,6/14/26 23:00,433,1355
"Louisville, KY",KY,6/15/26 0:00,433,1355
"Louisville, KY",KY,6/15/26 1:00,433,1355
"Louisville, KY",KY,6/4/26 0:00,448,1385
"Louisville, KY",KY,6/4/26 1:00,447,1387
"Louisville, KY",KY,6/4/26 2:00,447,1387
"Louisville, KY",KY,6/4/26 3:00,448,1380
"Louisville, KY",KY,6/4/26 4:00,449,1371
"Louisville, KY",KY,6/4/26 5:00,450,1365
"Louisville, KY",KY,6/4/26 6:00,451,1367
"Louisville, KY",KY,6/4/26 7:00,452,1372
"Louisville, KY",KY,6/4/26 8:00,452,1376
"Louisville, KY",KY,6/4/26 9:00,450,1378
"Louisville, KY",KY,6/4/26 10:00,447,1378
"Louisville, KY",KY,6/4/26 11:00,444,1377
"Louisville, KY",KY,6/4/26 12:00,443,1374
"Louisville, KY",KY,6/4/26 13:00,443,1369
"Louisville, KY",KY,6/4/26 14:00,443,1365
"Louisville, KY",KY,6/4/26 15:00,443,1364
"Louisville, KY",KY,6/4/26 16:00,442,1364
"Louisville, KY",KY,6/4/26 17:00,442,1365
"Louisville, KY",KY,6/4/26 18:00,441,1368
"Louisville, KY",KY,6/4/26 19:00,439,1372
"Louisville, KY",KY,6/4/26 20:00,439,1374
"Louisville, KY",KY,6/4/26 21:00,441,1370
"Louisville, KY",KY,6/4/26 23:00,448,1360
"Louisville, KY",KY,6/5/26 0:00,451,1362
"Louisville, KY",KY,6/5/26 1:00,453,1367
"Louisville, KY",KY,6/5/26 2:00,456,1373
"Louisville, KY",KY,6/5/26 3:00,459,1379
"Louisville, KY",KY,6/5/26 4:00,461,1387
"Louisville, KY",KY,6/5/26 5:00,463,1392
"Louisville, KY",KY,6/5/26 6:00,463,1395
"Louisville, KY",KY,6/5/26 7:00,462,1397
"Louisville, KY",KY,6/5/26 8:00,460,1396
"Louisville, KY",KY,6/5/26 9:00,457,1390
"Louisville, KY",KY,6/5/26 10:00,453,1381
"Louisville, KY",KY,6/5/26 11:00,450,1374
"Louisville, KY",KY,6/5/26 12:00,449,1371
"Louisville, KY",KY,6/5/26 13:00,448,1370
"Louisville, KY",KY,6/5/26 14:00,448,1369
"Louisville, KY",KY,6/5/26 15:00,448,1367
"Louisville, KY",KY,6/5/26 16:00,448,1364
"Louisville, KY",KY,6/5/26 17:00,447,1364
"Louisville, KY",KY,6/5/26 19:00,443,1373
"Louisville, KY",KY,6/5/26 20:00,442,1376
"Louisville, KY",KY,6/5/26 21:00,443,1376
"Louisville, KY",KY,6/5/26 22:00,446,1374
"Louisville, KY",KY,6/5/26 23:00,448,1371
"Louisville, KY",KY,6/6/26 0:00,450,1368
"Louisville, KY",KY,6/6/26 1:00,451,1365
"Louisville, KY",KY,6/6/26 2:00,452,1363
"Louisville, KY",KY,6/6/26 3:00,453,1365
"Louisville, KY",KY,6/6/26 4:00,454,1369
"Louisville, KY",KY,6/6/26 5:00,454,1372
"Louisville, KY",KY,6/6/26 6:00,454,1374
"Louisville, KY",KY,6/6/26 7:00,454,1376
"Louisville, KY",KY,6/6/26 8:00,454,1376
"Louisville, KY",KY,6/6/26 9:00,453,1372
"Louisville, KY",KY,6/6/26 10:00,451,1365
"Louisville, KY",KY,6/6/26 11:00,449,1360
"Louisville, KY",KY,6/6/26 12:00,446,1356
"Louisville, KY",KY,6/6/26 13:00,443,1354
"Louisville, KY",KY,6/6/26 14:00,440,1352
"Louisville, KY",KY,6/6/26 15:00,438,1352
"Louisville, KY",KY,6/6/26 16:00,436,1354
"Louisville, KY",KY,6/6/26 17:00,435,1355
"Louisville, KY",KY,6/6/26 18:00,433,1356
"Louisville, KY",KY,6/6/26 19:00,432,1357
"Louisville, KY",KY,6/6/26 20:00,432,1359
"Louisville, KY",KY,6/6/26 21:00,434,1362
"Louisville, KY",KY,6/6/26 22:00,437,1365
"Louisville, KY",KY,6/6/26 23:00,441,1368
"Louisville, KY",KY,6/7/26 0:00,444,1369
"Louisville, KY",KY,6/7/26 1:00,448,1370
"Louisville, KY",KY,6/7/26 2:00,453,1373
"Louisville, KY",KY,6/7/26 3:00,461,1376
"Louisville, KY",KY,6/7/26 4:00,469,1381
"Louisville, KY",KY,6/7/26 5:00,475,1392
"Louisville, KY",KY,6/7/26 6:00,477,1417
"Louisville, KY",KY,6/7/26 7:00,476,1449
"Louisville, KY",KY,6/7/26 8:00,472,1463
"Louisville, KY",KY,6/7/26 9:00,464,1445
"Louisville, KY",KY,6/7/26 10:00,453,1411
"Louisville, KY",KY,6/7/26 11:00,444,1384
"Louisville, KY",KY,6/7/26 12:00,439,1374
"Louisville, KY",KY,6/7/26 13:00,437,1371
"Louisville, KY",KY,6/7/26 14:00,435,1369
"Louisville, KY",KY,6/7/26 15:00,434,1366
"Louisville, KY",KY,6/7/26 16:00,434,1365
"Louisville, KY",KY,6/7/26 17:00,434,1364
"Louisville, KY",KY,6/7/26 18:00,434,1364
"Louisville, KY",KY,6/7/26 19:00,434,1365
"Louisville, KY",KY,6/7/26 20:00,434,1366
"Louisville, KY",KY,6/7/26 21:00,435,1368
"Louisville, KY",KY,6/7/26 22:00,435,1369
"Louisville, KY",KY,6/7/26 23:00,437,1371
"Louisville, KY",KY,6/8/26 0:00,440,1372
"Louisville, KY",KY,6/8/26 1:00,443,1373
"Louisville, KY",KY,6/8/26 2:00,446,1373
"Louisville, KY",KY,6/8/26 3:00,449,1373
"Louisville, KY",KY,6/8/26 4:00,451,1372
"Louisville, KY",KY,6/8/26 5:00,453,1372
"Louisville, KY",KY,6/8/26 6:00,455,1372
"Louisville, KY",KY,6/8/26 7:00,457,1372
"Louisville, KY",KY,6/8/26 8:00,457,1372
"Louisville, KY",KY,6/8/26 9:00,455,1373
"Louisville, KY",KY,6/8/26 10:00,452,1375
"Louisville, KY",KY,6/8/26 11:00,449,1374
"Louisville, KY",KY,6/8/26 12:00,447,1369
"Louisville, KY",KY,6/8/26 14:00,443,1355
"Louisville, KY",KY,6/8/26 15:00,442,1352
"Louisville, KY",KY,6/8/26 16:00,440,1350
"Louisville, KY",KY,6/8/26 17:00,439,1350
"Louisville, KY",KY,6/8/26 18:00,437,1351
"Louisville, KY",KY,6/8/26 19:00,434,1354
"Louisville, KY",KY,6/8/26 20:00,433,1355
"Louisville, KY",KY,6/8/26 21:00,433,1355
"Louisville, KY",KY,6/8/26 22:00,433,1355
"Louisville, KY",KY,6/8/26 23:00,433,1355
"Louisville, KY",KY,6/9/26 0:00,433,1355
"Louisville, KY",KY,6/9/26 1:00,433,1355
"Bozeman, MT",MT,6/3/26 0:00,442,1344
"Bozeman, MT",MT,6/3/26 1:00,447,1345
"Bozeman, MT",MT,6/3/26 2:00,450,1345
"Bozeman, MT",MT,6/3/26 3:00,450,1345
"Bozeman, MT",MT,6/3/26 4:00,449,1345
"Bozeman, MT",MT,6/3/26 5:00,448,1345
"Bozeman, MT",MT,6/3/26 6:00,447,1346
"Bozeman, MT",MT,6/3/26 7:00,447,1346
"Bozeman, MT",MT,6/3/26 8:00,446,1347
"Bozeman, MT",MT,6/3/26 9:00,444,1347
"Bozeman, MT",MT,6/3/26 10:00,442,1346
"Bozeman, MT",MT,6/3/26 11:00,440,1346
"Bozeman, MT",MT,6/3/26 12:00,440,1346
"Bozeman, MT",MT,6/3/26 13:00,441,1346
"Bozeman, MT",MT,6/3/26 14:00,441,1346
"Bozeman, MT",MT,6/3/26 15:00,441,1346
"Bozeman, MT",MT,6/3/26 16:00,440,1347
"Bozeman, MT",MT,6/3/26 17:00,440,1347
"Bozeman, MT",MT,6/3/26 18:00,440,1347
"Bozeman, MT",MT,6/3/26 19:00,439,1347
"Bozeman, MT",MT,6/3/26 20:00,439,1347
"Bozeman, MT",MT,6/3/26 21:00,439,1348
"Bozeman, MT",MT,6/3/26 22:00,440,1349
"Bozeman, MT",MT,6/3/26 23:00,440,1350
"Bozeman, MT",MT,6/10/26 0:00,442,1344
"Bozeman, MT",MT,6/10/26 1:00,447,1345
"Bozeman, MT",MT,6/10/26 2:00,450,1345
"Bozeman, MT",MT,6/10/26 3:00,450,1345
"Bozeman, MT",MT,6/10/26 4:00,449,1345
"Bozeman, MT",MT,6/10/26 5:00,448,1345
"Bozeman, MT",MT,6/10/26 6:00,447,1346
"Bozeman, MT",MT,6/10/26 7:00,447,1346
"Bozeman, MT",MT,6/10/26 8:00,446,1347
"Bozeman, MT",MT,6/10/26 9:00,444,1347
"Bozeman, MT",MT,6/10/26 10:00,442,1346
"Bozeman, MT",MT,6/10/26 11:00,440,1346
"Bozeman, MT",MT,6/10/26 12:00,440,1346
"Bozeman, MT",MT,6/10/26 13:00,441,1346
"Bozeman, MT",MT,6/10/26 14:00,441,1346
"Bozeman, MT",MT,6/10/26 15:00,441,1346
"Bozeman, MT",MT,6/10/26 16:00,440,1347
"Bozeman, MT",MT,6/10/26 17:00,440,1347
"Bozeman, MT",MT,6/10/26 18:00,440,1347
"Bozeman, MT",MT,6/10/26 19:00,439,1347
"Bozeman, MT",MT,6/10/26 20:00,439,1347
"Bozeman, MT",MT,6/10/26 21:00,439,1348
"Bozeman, MT",MT,6/10/26 22:00,440,1349
"Bozeman, MT",MT,6/10/26 23:00,440,1350
"Bozeman, MT",MT,6/11/26 0:00,441,1350
"Bozeman, MT",MT,6/11/26 1:00,441,1350
"Bozeman, MT",MT,6/11/26 2:00,442,1350
"Bozeman, MT",MT,6/11/26 3:00,442,1350
"Bozeman, MT",MT,6/11/26 4:00,442,1351
"Bozeman, MT",MT,6/11/26 5:00,442,1351
"Bozeman, MT",MT,6/11/26 6:00,443,1351
"Bozeman, MT",MT,6/11/26 7:00,444,1351
"Bozeman, MT",MT,6/11/26 8:00,444,1351
"Bozeman, MT",MT,6/11/26 9:00,443,1351
"Bozeman, MT",MT,6/11/26 10:00,441,1351
"Bozeman, MT",MT,6/11/26 11:00,439,1351
"Bozeman, MT",MT,6/11/26 12:00,438,1351
"Bozeman, MT",MT,6/11/26 13:00,438,1351
"Bozeman, MT",MT,6/11/26 14:00,438,1351
"Bozeman, MT",MT,6/11/26 15:00,437,1351
"Bozeman, MT",MT,6/11/26 16:00,437,1351
"Bozeman, MT",MT,6/11/26 17:00,436,1351
"Bozeman, MT",MT,6/11/26 18:00,435,1351
"Bozeman, MT",MT,6/11/26 19:00,435,1351
"Bozeman, MT",MT,6/11/26 20:00,434,1351
"Bozeman, MT",MT,6/11/26 21:00,433,1351
"Bozeman, MT",MT,6/11/26 22:00,433,1350
"Bozeman, MT",MT,6/11/26 23:00,434,1350
"Bozeman, MT",MT,6/12/26 0:00,439,1350
"Bozeman, MT",MT,6/12/26 2:00,449,1349
"Bozeman, MT",MT,6/12/26 3:00,448,1350
"Bozeman, MT",MT,6/12/26 4:00,444,1351
"Bozeman, MT",MT,6/12/26 5:00,441,1352
"Bozeman, MT",MT,6/12/26 6:00,441,1352
"Bozeman, MT",MT,6/12/26 7:00,442,1351
"Bozeman, MT",MT,6/12/26 8:00,442,1351
"Bozeman, MT",MT,6/12/26 9:00,439,1351
"Bozeman, MT",MT,6/12/26 10:00,435,1350
"Bozeman, MT",MT,6/12/26 11:00,433,1350
"Bozeman, MT",MT,6/12/26 12:00,434,1349
"Bozeman, MT",MT,6/12/26 13:00,437,1349
"Bozeman, MT",MT,6/12/26 14:00,439,1348
"Bozeman, MT",MT,6/12/26 15:00,439,1348
"Bozeman, MT",MT,6/12/26 16:00,438,1347
"Bozeman, MT",MT,6/12/26 17:00,437,1347
"Bozeman, MT",MT,6/12/26 18:00,436,1347
"Bozeman, MT",MT,6/12/26 19:00,436,1347
"Bozeman, MT",MT,6/12/26 20:00,435,1347
"Bozeman, MT",MT,6/12/26 21:00,433,1348
"Bozeman, MT",MT,6/12/26 22:00,430,1350
"Bozeman, MT",MT,6/12/26 23:00,430,1352
"Bozeman, MT",MT,6/13/26 0:00,434,1353
"Bozeman, MT",MT,6/13/26 1:00,440,1355
"Bozeman, MT",MT,6/13/26 2:00,447,1355
"Bozeman, MT",MT,6/13/26 3:00,455,1354
"Bozeman, MT",MT,6/13/26 4:00,463,1352
"Bozeman, MT",MT,6/13/26 5:00,466,1351
"Bozeman, MT",MT,6/13/26 6:00,460,1351
"Bozeman, MT",MT,6/13/26 7:00,449,1352
"Bozeman, MT",MT,6/13/26 8:00,441,1352
"Bozeman, MT",MT,6/13/26 9:00,438,1352
"Bozeman, MT",MT,6/13/26 10:00,438,1352
"Bozeman, MT",MT,6/13/26 11:00,438,1352
"Bozeman, MT",MT,6/13/26 12:00,437,1352
"Bozeman, MT",MT,6/13/26 13:00,435,1353
"Bozeman, MT",MT,6/13/26 14:00,434,1354
"Bozeman, MT",MT,6/13/26 15:00,433,1356
"Bozeman, MT",MT,6/13/26 16:00,432,1358
"Bozeman, MT",MT,6/13/26 17:00,432,1360
"Bozeman, MT",MT,6/13/26 18:00,432,1361
"Bozeman, MT",MT,6/13/26 19:00,433,1362
"Bozeman, MT",MT,6/13/26 20:00,434,1362
"Bozeman, MT",MT,6/13/26 21:00,435,1360
"Bozeman, MT",MT,6/13/26 22:00,437,1357
"Bozeman, MT",MT,6/13/26 23:00,438,1355
"Bozeman, MT",MT,6/14/26 0:00,439,1356
"Bozeman, MT",MT,6/14/26 1:00,439,1359
"Bozeman, MT",MT,6/14/26 2:00,439,1361
"Bozeman, MT",MT,6/14/26 3:00,440,1360
"Bozeman, MT",MT,6/14/26 4:00,441,1357
"Bozeman, MT",MT,6/14/26 5:00,441,1355
"Bozeman, MT",MT,6/14/26 6:00,441,1354
"Bozeman, MT",MT,6/14/26 7:00,441,1353
"Bozeman, MT",MT,6/14/26 8:00,440,1353
"Bozeman, MT",MT,6/14/26 9:00,439,1353
"Bozeman, MT",MT,6/14/26 10:00,437,1353
"Bozeman, MT",MT,6/14/26 11:00,436,1353
"Bozeman, MT",MT,6/14/26 12:00,435,1353
"Bozeman, MT",MT,6/14/26 13:00,435,1354
"Bozeman, MT",MT,6/14/26 14:00,435,1354
"Bozeman, MT",MT,6/14/26 15:00,435,1354
"Bozeman, MT",MT,6/14/26 16:00,434,1354
"Bozeman, MT",MT,6/14/26 17:00,434,1354
"Bozeman, MT",MT,6/14/26 18:00,433,1354
"Bozeman, MT",MT,6/14/26 19:00,432,1354
"Bozeman, MT",MT,6/14/26 20:00,432,1354
"Bozeman, MT",MT,6/14/26 21:00,432,1354
"Bozeman, MT",MT,6/14/26 22:00,432,1354
"Bozeman, MT",MT,6/14/26 23:00,432,1354
"Bozeman, MT",MT,6/15/26 0:00,432,1354
"Bozeman, MT",MT,6/15/26 1:00,432,1354
"Bozeman, MT",MT,6/4/26 0:00,442,1344
"Bozeman, MT",MT,6/4/26 1:00,447,1345
"Bozeman, MT",MT,6/4/26 2:00,450,1345
"Bozeman, MT",MT,6/4/26 3:00,450,1345
"Bozeman, MT",MT,6/4/26 4:00,449,1345
"Bozeman, MT",MT,6/4/26 5:00,448,1345
"Bozeman, MT",MT,6/4/26 6:00,447,1346
"Bozeman, MT",MT,6/4/26 7:00,447,1346
"Bozeman, MT",MT,6/4/26 8:00,446,1347
"Bozeman, MT",MT,6/4/26 9:00,444,1347
"Bozeman, MT",MT,6/4/26 10:00,442,1346
"Bozeman, MT",MT,6/4/26 11:00,440,1346
"Bozeman, MT",MT,6/4/26 12:00,440,1346
"Bozeman, MT",MT,6/4/26 13:00,441,1346
"Bozeman, MT",MT,6/4/26 14:00,441,1346
"Bozeman, MT",MT,6/4/26 15:00,441,1346
"Bozeman, MT",MT,6/4/26 16:00,440,1347
"Bozeman, MT",MT,6/4/26 17:00,440,1347
"Bozeman, MT",MT,6/4/26 18:00,440,1347
"Bozeman, MT",MT,6/4/26 19:00,439,1347
"Bozeman, MT",MT,6/4/26 20:00,439,1347
"Bozeman, MT",MT,6/4/26 21:00,439,1348
"Bozeman, MT",MT,6/4/26 22:00,440,1349
"Bozeman, MT",MT,6/4/26 23:00,440,1350
"Bozeman, MT",MT,6/5/26 0:00,441,1350
"Bozeman, MT",MT,6/5/26 1:00,441,1350
"Bozeman, MT",MT,6/5/26 2:00,442,1350
"Bozeman, MT",MT,6/5/26 3:00,442,1350
"Bozeman, MT",MT,6/5/26 4:00,442,1351
"Bozeman, MT",MT,6/5/26 5:00,442,1351
"Bozeman, MT",MT,6/5/26 6:00,443,1351
"Bozeman, MT",MT,6/5/26 7:00,444,1351
"Bozeman, MT",MT,6/5/26 8:00,444,1351
"Bozeman, MT",MT,6/5/26 9:00,443,1351
"Bozeman, MT",MT,6/5/26 10:00,441,1351
"Bozeman, MT",MT,6/5/26 11:00,439,1351
"Bozeman, MT",MT,6/5/26 12:00,438,1351
"Bozeman, MT",MT,6/5/26 13:00,438,1351
"Bozeman, MT",MT,6/5/26 14:00,438,1351
"Bozeman, MT",MT,6/5/26 15:00,437,1351
"Bozeman, MT",MT,6/5/26 16:00,437,1351
"Bozeman, MT",MT,6/5/26 17:00,436,1351
"Bozeman, MT",MT,6/5/26 18:00,435,1351
"Bozeman, MT",MT,6/5/26 19:00,435,1351
"Bozeman, MT",MT,6/5/26 20:00,434,1351
"Bozeman, MT",MT,6/5/26 21:00,433,1351
"Bozeman, MT",MT,6/5/26 22:00,433,1350
"Bozeman, MT",MT,6/5/26 23:00,434,1350
"Bozeman, MT",MT,6/6/26 0:00,439,1350
"Bozeman, MT",MT,6/6/26 2:00,449,1349
"Bozeman, MT",MT,6/6/26 3:00,448,1350
"Bozeman, MT",MT,6/6/26 4:00,444,1351
"Bozeman, MT",MT,6/6/26 5:00,441,1352
"Bozeman, MT",MT,6/6/26 6:00,441,1352
"Bozeman, MT",MT,6/6/26 7:00,442,1351
"Bozeman, MT",MT,6/6/26 8:00,442,1351
"Bozeman, MT",MT,6/6/26 9:00,439,1351
"Bozeman, MT",MT,6/6/26 10:00,435,1350
"Bozeman, MT",MT,6/6/26 11:00,433,1350
"Bozeman, MT",MT,6/6/26 12:00,434,1349
"Bozeman, MT",MT,6/6/26 13:00,437,1349
"Bozeman, MT",MT,6/6/26 14:00,439,1348
"Bozeman, MT",MT,6/6/26 15:00,439,1348
"Bozeman, MT",MT,6/6/26 16:00,438,1347
"Bozeman, MT",MT,6/6/26 17:00,437,1347
"Bozeman, MT",MT,6/6/26 18:00,436,1347
"Bozeman, MT",MT,6/6/26 19:00,436,1347
"Bozeman, MT",MT,6/6/26 20:00,435,1347
"Bozeman, MT",MT,6/6/26 21:00,433,1348
"Bozeman, MT",MT,6/6/26 22:00,430,1350
"Bozeman, MT",MT,6/6/26 23:00,430,1352
"Bozeman, MT",MT,6/7/26 0:00,434,1353
"Bozeman, MT",MT,6/7/26 1:00,440,1355
"Bozeman, MT",MT,6/7/26 2:00,447,1355
"Bozeman, MT",MT,6/7/26 3:00,455,1354
"Bozeman, MT",MT,6/7/26 4:00,463,1352
"Bozeman, MT",MT,6/7/26 5:00,466,1351
"Bozeman, MT",MT,6/7/26 6:00,460,1351
"Bozeman, MT",MT,6/7/26 7:00,449,1352
"Bozeman, MT",MT,6/7/26 8:00,441,1352
"Bozeman, MT",MT,6/7/26 9:00,438,1352
"Bozeman, MT",MT,6/7/26 10:00,438,1352
"Bozeman, MT",MT,6/7/26 11:00,438,1352
"Bozeman, MT",MT,6/7/26 12:00,437,1352
"Bozeman, MT",MT,6/7/26 13:00,435,1353
"Bozeman, MT",MT,6/7/26 14:00,434,1354
"Bozeman, MT",MT,6/7/26 15:00,433,1356
"Bozeman, MT",MT,6/7/26 16:00,432,1358
"Bozeman, MT",MT,6/7/26 17:00,432,1360
"Bozeman, MT",MT,6/7/26 18:00,432,1361
"Bozeman, MT",MT,6/7/26 19:00,433,1362
"Bozeman, MT",MT,6/7/26 20:00,434,1362
"Bozeman, MT",MT,6/7/26 21:00,435,1360
"Bozeman, MT",MT,6/7/26 22:00,437,1357
"Bozeman, MT",MT,6/7/26 23:00,438,1355
"Bozeman, MT",MT,6/8/26 0:00,439,1356
"Bozeman, MT",MT,6/8/26 1:00,439,1359
"Bozeman, MT",MT,6/8/26 2:00,439,1361
"Bozeman, MT",MT,6/8/26 3:00,440,1360
"Bozeman, MT",MT,6/8/26 4:00,441,1357
"Bozeman, MT",MT,6/8/26 5:00,441,1355
"Bozeman, MT",MT,6/8/26 6:00,441,1354
"Bozeman, MT",MT,6/8/26 7:00,441,1353
"Bozeman, MT",MT,6/8/26 8:00,440,1353
"Bozeman, MT",MT,6/8/26 9:00,439,1353
"Bozeman, MT",MT,6/8/26 10:00,437,1353
"Bozeman, MT",MT,6/8/26 11:00,436,1353
"Bozeman, MT",MT,6/8/26 12:00,435,1353
"Bozeman, MT",MT,6/8/26 13:00,435,1354
"Bozeman, MT",MT,6/8/26 14:00,435,1354
"Bozeman, MT",MT,6/8/26 15:00,435,1354
"Bozeman, MT",MT,6/8/26 16:00,434,1354
"Bozeman, MT",MT,6/8/26 17:00,434,1354
"Bozeman, MT",MT,6/8/26 18:00,433,1354
"Bozeman, MT",MT,6/8/26 19:00,432,1354
"Bozeman, MT",MT,6/8/26 20:00,432,1354
"Bozeman, MT",MT,6/8/26 21:00,432,1354
"Bozeman, MT",MT,6/8/26 22:00,432,1354
"Bozeman, MT",MT,6/8/26 23:00,432,1354
"Bozeman, MT",MT,6/9/26 0:00,432,1354
"Bozeman, MT",MT,6/9/26 1:00,432,1354
"Bakersfield, CA",CA,6/3/26 0:00,452,1357
"Bakersfield, CA",CA,6/3/26 1:00,455,1358
"Bakersfield, CA",CA,6/3/26 2:00,459,1360
"Bakersfield, CA",CA,6/3/26 3:00,463,1364
"Bakersfield, CA",CA,6/3/26 4:00,468,1370
"Bakersfield, CA",CA,6/3/26 5:00,471,1376
"Bakersfield, CA",CA,6/3/26 6:00,472,1383
"Bakersfield, CA",CA,6/3/26 7:00,471,1390
"Bakersfield, CA",CA,6/3/26 8:00,470,1396
"Bakersfield, CA",CA,6/3/26 9:00,469,1400
"Bakersfield, CA",CA,6/3/26 10:00,468,1402
"Bakersfield, CA",CA,6/3/26 11:00,466,1401
"Bakersfield, CA",CA,6/3/26 12:00,464,1397
"Bakersfield, CA",CA,6/3/26 13:00,461,1391
"Bakersfield, CA",CA,6/3/26 14:00,458,1384
"Bakersfield, CA",CA,6/3/26 15:00,456,1378
"Bakersfield, CA",CA,6/3/26 16:00,454,1371
"Bakersfield, CA",CA,6/3/26 17:00,452,1366
"Bakersfield, CA",CA,6/3/26 18:00,451,1362
"Bakersfield, CA",CA,6/3/26 19:00,451,1360
"Bakersfield, CA",CA,6/3/26 20:00,451,1360
"Bakersfield, CA",CA,6/3/26 21:00,452,1362
"Bakersfield, CA",CA,6/3/26 22:00,454,1367
"Bakersfield, CA",CA,6/3/26 23:00,458,1373
"Bakersfield, CA",CA,6/10/26 0:00,452,1357
"Bakersfield, CA",CA,6/10/26 1:00,455,1358
"Bakersfield, CA",CA,6/10/26 2:00,459,1360
"Bakersfield, CA",CA,6/10/26 3:00,463,1364
"Bakersfield, CA",CA,6/10/26 4:00,468,1370
"Bakersfield, CA",CA,6/10/26 5:00,471,1376
"Bakersfield, CA",CA,6/10/26 6:00,472,1383
"Bakersfield, CA",CA,6/10/26 7:00,471,1390
"Bakersfield, CA",CA,6/10/26 8:00,470,1396
"Bakersfield, CA",CA,6/10/26 9:00,469,1400
"Bakersfield, CA",CA,6/10/26 10:00,468,1402
"Bakersfield, CA",CA,6/10/26 11:00,466,1401
"Bakersfield, CA",CA,6/10/26 12:00,464,1397
"Bakersfield, CA",CA,6/10/26 13:00,461,1391
"Bakersfield, CA",CA,6/10/26 14:00,458,1384
"Bakersfield, CA",CA,6/10/26 15:00,456,1378
"Bakersfield, CA",CA,6/10/26 16:00,454,1371
"Bakersfield, CA",CA,6/10/26 17:00,452,1366
"Bakersfield, CA",CA,6/10/26 18:00,451,1362
"Bakersfield, CA",CA,6/10/26 19:00,451,1360
"Bakersfield, CA",CA,6/10/26 20:00,451,1360
"Bakersfield, CA",CA,6/10/26 21:00,452,1362
"Bakersfield, CA",CA,6/10/26 22:00,454,1367
"Bakersfield, CA",CA,6/10/26 23:00,458,1373
"Bakersfield, CA",CA,6/11/26 0:00,467,1382
"Bakersfield, CA",CA,6/11/26 1:00,479,1392
"Bakersfield, CA",CA,6/11/26 2:00,489,1400
"Bakersfield, CA",CA,6/11/26 3:00,494,1402
"Bakersfield, CA",CA,6/11/26 4:00,497,1402
"Bakersfield, CA",CA,6/11/26 5:00,498,1403
"Bakersfield, CA",CA,6/11/26 6:00,499,1406
"Bakersfield, CA",CA,6/11/26 7:00,498,1411
"Bakersfield, CA",CA,6/11/26 8:00,496,1414
"Bakersfield, CA",CA,6/11/26 9:00,490,1416
"Bakersfield, CA",CA,6/11/26 10:00,482,1417
"Bakersfield, CA",CA,6/11/26 11:00,475,1415
"Bakersfield, CA",CA,6/11/26 12:00,469,1410
"Bakersfield, CA",CA,6/11/26 13:00,464,1402
"Bakersfield, CA",CA,6/11/26 14:00,460,1396
"Bakersfield, CA",CA,6/11/26 15:00,458,1392
"Bakersfield, CA",CA,6/11/26 16:00,458,1389
"Bakersfield, CA",CA,6/11/26 17:00,457,1386
"Bakersfield, CA",CA,6/11/26 18:00,455,1382
"Bakersfield, CA",CA,6/11/26 19:00,453,1377
"Bakersfield, CA",CA,6/11/26 20:00,452,1374
"Bakersfield, CA",CA,6/11/26 21:00,454,1372
"Bakersfield, CA",CA,6/11/26 22:00,457,1372
"Bakersfield, CA",CA,6/11/26 23:00,459,1371
"Bakersfield, CA",CA,6/12/26 0:00,459,1369
"Bakersfield, CA",CA,6/12/26 1:00,457,1367
"Bakersfield, CA",CA,6/12/26 2:00,457,1365
"Bakersfield, CA",CA,6/12/26 3:00,458,1365
"Bakersfield, CA",CA,6/12/26 4:00,460,1365
"Bakersfield, CA",CA,6/12/26 5:00,462,1366
"Bakersfield, CA",CA,6/12/26 6:00,465,1368
"Bakersfield, CA",CA,6/12/26 7:00,468,1370
"Bakersfield, CA",CA,6/12/26 8:00,469,1372
"Bakersfield, CA",CA,6/12/26 9:00,467,1372
"Bakersfield, CA",CA,6/12/26 10:00,464,1372
"Bakersfield, CA",CA,6/12/26 11:00,461,1371
"Bakersfield, CA",CA,6/12/26 12:00,460,1370
"Bakersfield, CA",CA,6/12/26 13:00,460,1369
"Bakersfield, CA",CA,6/12/26 14:00,459,1368
"Bakersfield, CA",CA,6/12/26 15:00,458,1368
"Bakersfield, CA",CA,6/12/26 16:00,457,1369
"Bakersfield, CA",CA,6/12/26 17:00,456,1368
"Bakersfield, CA",CA,6/12/26 18:00,454,1364
"Bakersfield, CA",CA,6/12/26 19:00,452,1358
"Bakersfield, CA",CA,6/12/26 20:00,451,1355
"Bakersfield, CA",CA,6/12/26 21:00,451,1357
"Bakersfield, CA",CA,6/12/26 22:00,453,1362
"Bakersfield, CA",CA,6/12/26 23:00,454,1365
"Bakersfield, CA",CA,6/13/26 0:00,456,1366
"Bakersfield, CA",CA,6/13/26 1:00,458,1365
"Bakersfield, CA",CA,6/13/26 2:00,459,1364
"Bakersfield, CA",CA,6/13/26 3:00,458,1362
"Bakersfield, CA",CA,6/13/26 4:00,456,1359
"Bakersfield, CA",CA,6/13/26 5:00,456,1357
"Bakersfield, CA",CA,6/13/26 6:00,459,1358
"Bakersfield, CA",CA,6/13/26 7:00,464,1361
"Bakersfield, CA",CA,6/13/26 8:00,467,1363
"Bakersfield, CA",CA,6/13/26 9:00,465,1362
"Bakersfield, CA",CA,6/13/26 10:00,460,1360
"Bakersfield, CA",CA,6/13/26 11:00,456,1359
"Bakersfield, CA",CA,6/13/26 12:00,455,1359
"Bakersfield, CA",CA,6/13/26 13:00,456,1360
"Bakersfield, CA",CA,6/13/26 14:00,456,1361
"Bakersfield, CA",CA,6/13/26 15:00,455,1361
"Bakersfield, CA",CA,6/13/26 16:00,453,1361
"Bakersfield, CA",CA,6/13/26 17:00,452,1361
"Bakersfield, CA",CA,6/13/26 18:00,452,1360
"Bakersfield, CA",CA,6/13/26 19:00,452,1358
"Bakersfield, CA",CA,6/13/26 20:00,452,1356
"Bakersfield, CA",CA,6/13/26 21:00,452,1353
"Bakersfield, CA",CA,6/13/26 22:00,451,1351
"Bakersfield, CA",CA,6/13/26 23:00,451,1348
"Bakersfield, CA",CA,6/14/26 0:00,452,1346
"Bakersfield, CA",CA,6/14/26 1:00,454,1344
"Bakersfield, CA",CA,6/14/26 2:00,456,1342
"Bakersfield, CA",CA,6/14/26 3:00,457,1341
"Bakersfield, CA",CA,6/14/26 4:00,458,1340
"Bakersfield, CA",CA,6/14/26 5:00,459,1340
"Bakersfield, CA",CA,6/14/26 6:00,460,1339
"Bakersfield, CA",CA,6/14/26 7:00,462,1339
"Bakersfield, CA",CA,6/14/26 8:00,462,1339
"Bakersfield, CA",CA,6/14/26 9:00,460,1340
"Bakersfield, CA",CA,6/14/26 10:00,456,1343
"Bakersfield, CA",CA,6/14/26 11:00,454,1346
"Bakersfield, CA",CA,6/14/26 12:00,453,1351
"Bakersfield, CA",CA,6/14/26 13:00,454,1357
"Bakersfield, CA",CA,6/14/26 14:00,454,1362
"Bakersfield, CA",CA,6/14/26 15:00,453,1365
"Bakersfield, CA",CA,6/14/26 16:00,453,1367
"Bakersfield, CA",CA,6/14/26 17:00,452,1366
"Bakersfield, CA",CA,6/14/26 18:00,452,1359
"Bakersfield, CA",CA,6/14/26 19:00,451,1350
"Bakersfield, CA",CA,6/14/26 20:00,451,1345
"Bakersfield, CA",CA,6/14/26 21:00,451,1343
"Bakersfield, CA",CA,6/14/26 22:00,451,1344
"Bakersfield, CA",CA,6/14/26 23:00,451,1344
"Bakersfield, CA",CA,6/15/26 0:00,451,1344
"Bakersfield, CA",CA,6/15/26 1:00,451,1344
"Bakersfield, CA",CA,6/4/26 0:00,452,1357
"Bakersfield, CA",CA,6/4/26 1:00,455,1358
"Bakersfield, CA",CA,6/4/26 2:00,459,1360
"Bakersfield, CA",CA,6/4/26 3:00,463,1364
"Bakersfield, CA",CA,6/4/26 4:00,468,1370
"Bakersfield, CA",CA,6/4/26 5:00,471,1376
"Bakersfield, CA",CA,6/4/26 6:00,472,1383
"Bakersfield, CA",CA,6/4/26 7:00,471,1390
"Bakersfield, CA",CA,6/4/26 8:00,470,1396
"Bakersfield, CA",CA,6/4/26 9:00,469,1400
"Bakersfield, CA",CA,6/4/26 10:00,468,1402
"Bakersfield, CA",CA,6/4/26 11:00,466,1401
"Bakersfield, CA",CA,6/4/26 12:00,464,1397
"Bakersfield, CA",CA,6/4/26 13:00,461,1391
"Bakersfield, CA",CA,6/4/26 14:00,458,1384
"Bakersfield, CA",CA,6/4/26 15:00,456,1378
"Bakersfield, CA",CA,6/4/26 16:00,454,1371
"Bakersfield, CA",CA,6/4/26 17:00,452,1366
"Bakersfield, CA",CA,6/4/26 18:00,451,1362
"Bakersfield, CA",CA,6/4/26 19:00,451,1360
"Bakersfield, CA",CA,6/4/26 20:00,451,1360
"Bakersfield, CA",CA,6/4/26 21:00,452,1362
"Bakersfield, CA",CA,6/4/26 22:00,454,1367
"Bakersfield, CA",CA,6/4/26 23:00,458,1373
"Bakersfield, CA",CA,6/5/26 0:00,467,1382
"Bakersfield, CA",CA,6/5/26 1:00,479,1392
"Bakersfield, CA",CA,6/5/26 2:00,489,1400
"Bakersfield, CA",CA,6/5/26 3:00,494,1402
"Bakersfield, CA",CA,6/5/26 4:00,497,1402
"Bakersfield, CA",CA,6/5/26 5:00,498,1403
"Bakersfield, CA",CA,6/5/26 6:00,499,1406
"Bakersfield, CA",CA,6/5/26 7:00,498,1411
"Bakersfield, CA",CA,6/5/26 8:00,496,1414
"Bakersfield, CA",CA,6/5/26 9:00,490,1416
"Bakersfield, CA",CA,6/5/26 10:00,482,1417
"Bakersfield, CA",CA,6/5/26 11:00,475,1415
"Bakersfield, CA",CA,6/5/26 12:00,469,1410
"Bakersfield, CA",CA,6/5/26 13:00,464,1402
"Bakersfield, CA",CA,6/5/26 14:00,460,1396
"Bakersfield, CA",CA,6/5/26 15:00,458,1392
"Bakersfield, CA",CA,6/5/26 16:00,458,1389
"Bakersfield, CA",CA,6/5/26 17:00,457,1386
"Bakersfield, CA",CA,6/5/26 18:00,455,1382
"Bakersfield, CA",CA,6/5/26 19:00,453,1377
"Bakersfield, CA",CA,6/5/26 20:00,452,1374
"Bakersfield, CA",CA,6/5/26 21:00,454,1372
"Bakersfield, CA",CA,6/5/26 22:00,457,1372
"Bakersfield, CA",CA,6/5/26 23:00,459,1371
"Bakersfield, CA",CA,6/6/26 0:00,459,1369
"Bakersfield, CA",CA,6/6/26 1:00,457,1367
"Bakersfield, CA",CA,6/6/26 2:00,457,1365
"Bakersfield, CA",CA,6/6/26 3:00,458,1365
"Bakersfield, CA",CA,6/6/26 4:00,460,1365
"Bakersfield, CA",CA,6/6/26 5:00,462,1366
"Bakersfield, CA",CA,6/6/26 6:00,465,1368
"Bakersfield, CA",CA,6/6/26 7:00,468,1370
"Bakersfield, CA",CA,6/6/26 8:00,469,1372
"Bakersfield, CA",CA,6/6/26 9:00,467,1372
"Bakersfield, CA",CA,6/6/26 10:00,464,1372
"Bakersfield, CA",CA,6/6/26 11:00,461,1371
"Bakersfield, CA",CA,6/6/26 12:00,460,1370
"Bakersfield, CA",CA,6/6/26 13:00,460,1369
"Bakersfield, CA",CA,6/6/26 14:00,459,1368
"Bakersfield, CA",CA,6/6/26 15:00,458,1368
"Bakersfield, CA",CA,6/6/26 16:00,457,1369
"Bakersfield, CA",CA,6/6/26 17:00,456,1368
"Bakersfield, CA",CA,6/6/26 18:00,454,1364
"Bakersfield, CA",CA,6/6/26 19:00,452,1358
"Bakersfield, CA",CA,6/6/26 20:00,451,1355
"Bakersfield, CA",CA,6/6/26 21:00,451,1357
"Bakersfield, CA",CA,6/6/26 22:00,453,1362
"Bakersfield, CA",CA,6/6/26 23:00,454,1365
"Bakersfield, CA",CA,6/7/26 0:00,456,1366
"Bakersfield, CA",CA,6/7/26 1:00,458,1365
"Bakersfield, CA",CA,6/7/26 2:00,459,1364
"Bakersfield, CA",CA,6/7/26 3:00,458,1362
"Bakersfield, CA",CA,6/7/26 4:00,456,1359
"Bakersfield, CA",CA,6/7/26 5:00,456,1357
"Bakersfield, CA",CA,6/7/26 6:00,459,1358
"Bakersfield, CA",CA,6/7/26 7:00,464,1361
"Bakersfield, CA",CA,6/7/26 8:00,467,1363
"Bakersfield, CA",CA,6/7/26 9:00,465,1362
"Bakersfield, CA",CA,6/7/26 10:00,460,1360
"Bakersfield, CA",CA,6/7/26 11:00,456,1359
"Bakersfield, CA",CA,6/7/26 12:00,455,1359
"Bakersfield, CA",CA,6/7/26 13:00,456,1360
"Bakersfield, CA",CA,6/7/26 14:00,456,1361
"Bakersfield, CA",CA,6/7/26 15:00,455,1361
"Bakersfield, CA",CA,6/7/26 16:00,453,1361
"Bakersfield, CA",CA,6/7/26 17:00,452,1361
"Bakersfield, CA",CA,6/7/26 18:00,452,1360
"Bakersfield, CA",CA,6/7/26 19:00,452,1358
"Bakersfield, CA",CA,6/7/26 20:00,452,1356
"Bakersfield, CA",CA,6/7/26 21:00,452,1353
"Bakersfield, CA",CA,6/7/26 22:00,451,1351
"Bakersfield, CA",CA,6/7/26 23:00,451,1348
"Bakersfield, CA",CA,6/8/26 0:00,452,1346
"Bakersfield, CA",CA,6/8/26 1:00,454,1344
"Bakersfield, CA",CA,6/8/26 2:00,456,1342
"Bakersfield, CA",CA,6/8/26 3:00,457,1341
"Bakersfield, CA",CA,6/8/26 4:00,458,1340
"Bakersfield, CA",CA,6/8/26 5:00,459,1340
"Bakersfield, CA",CA,6/8/26 6:00,460,1339
"Bakersfield, CA",CA,6/8/26 7:00,462,1339
"Bakersfield, CA",CA,6/8/26 8:00,462,1339
"Bakersfield, CA",CA,6/8/26 9:00,460,1340
"Bakersfield, CA",CA,6/8/26 10:00,456,1343
"Bakersfield, CA",CA,6/8/26 11:00,454,1346
"Bakersfield, CA",CA,6/8/26 12:00,453,1351
"Bakersfield, CA",CA,6/8/26 13:00,454,1357
"Bakersfield, CA",CA,6/8/26 14:00,454,1362
"Bakersfield, CA",CA,6/8/26 15:00,453,1365
"Bakersfield, CA",CA,6/8/26 16:00,453,1367
"Bakersfield, CA",CA,6/8/26 17:00,452,1366
"Bakersfield, CA",CA,6/8/26 18:00,452,1359
"Bakersfield, CA",CA,6/8/26 19:00,451,1350
"Bakersfield, CA",CA,6/8/26 20:00,451,1345
"Bakersfield, CA",CA,6/8/26 21:00,451,1343
"Bakersfield, CA",CA,6/8/26 22:00,451,1344
"Bakersfield, CA",CA,6/8/26 23:00,451,1344
"Bakersfield, CA",CA,6/9/26 0:00,451,1344
"Bakersfield, CA",CA,6/9/26 1:00,451,1344
"Kahului, HI",HI,6/3/26 0:00,445,1337
"Kahului, HI",HI,6/3/26 1:00,445,1337
"Kahului, HI",HI,6/3/26 14:00,445,1333
"Kahului, HI",HI,6/3/26 15:00,445,1333
"Kahului, HI",HI,6/3/26 16:00,445,1332
"Kahului, HI",HI,6/3/26 17:00,445,1332
"Kahului, HI",HI,6/3/26 18:00,445,1332
"Kahului, HI",HI,6/3/26 19:00,445,1332
"Kahului, HI",HI,6/3/26 20:00,445,1332
"Kahului, HI",HI,6/3/26 21:00,445,1332
"Kahului, HI",HI,6/3/26 22:00,445,1332
"Kahului, HI",HI,6/3/26 23:00,445,1332
"Kahului, HI",HI,6/4/26 0:00,445,1337
"Kahului, HI",HI,6/4/26 1:00,445,1337
"Kahului, HI",HI,6/4/26 14:00,445,1333
"Kahului, HI",HI,6/4/26 15:00,445,1333
"Kahului, HI",HI,6/4/26 16:00,445,1332
"Kahului, HI",HI,6/4/26 17:00,445,1332
"Kahului, HI",HI,6/4/26 18:00,445,1332
"Kahului, HI",HI,6/4/26 19:00,445,1332
"Kahului, HI",HI,6/4/26 20:00,445,1332
"Kahului, HI",HI,6/4/26 21:00,445,1332
"Kahului, HI",HI,6/4/26 22:00,445,1332
"Kahului, HI",HI,6/4/26 23:00,445,1332
"Kahului, HI",HI,6/5/26 0:00,445,1332
"Kahului, HI",HI,6/5/26 14:00,445,1331
"Kahului, HI",HI,6/5/26 15:00,445,1331
"Kahului, HI",HI,6/5/26 16:00,445,1331
"Kahului, HI",HI,6/5/26 17:00,445,1331
"Kahului, HI",HI,6/5/26 18:00,445,1331
"Kahului, HI",HI,6/5/26 19:00,445,1332
"Kahului, HI",HI,6/5/26 20:00,445,1332
"Kahului, HI",HI,6/5/26 21:00,445,1333
"Kahului, HI",HI,6/5/26 22:00,445,1333
"Kahului, HI",HI,6/5/26 23:00,445,1334
"Kahului, HI",HI,6/6/26 0:00,445,1335
"Kahului, HI",HI,6/6/26 1:00,445,1335
"Kahului, HI",HI,6/6/26 14:00,445,1337
"Kahului, HI",HI,6/6/26 16:00,445,1337
"Kahului, HI",HI,6/6/26 17:00,445,1337
"Kahului, HI",HI,6/6/26 18:00,445,1337
"Kahului, HI",HI,6/7/26 0:00,445,1337
"Kahului, HI",HI,6/7/26 14:00,445,1333
"Kahului, HI",HI,6/7/26 17:00,445,1331
"Kahului, HI",HI,6/7/26 18:00,445,1330
"Kahului, HI",HI,6/7/26 19:00,445,1330
"Kahului, HI",HI,6/7/26 20:00,445,1329
"Kahului, HI",HI,6/7/26 21:00,445,1328
"Kahului, HI",HI,6/7/26 22:00,445,1328
"Kahului, HI",HI,6/7/26 23:00,445,1327
"Kahului, HI",HI,6/8/26 14:00,445,1321
"Kahului, HI",HI,6/8/26 15:00,445,1322
"Kahului, HI",HI,6/8/26 16:00,445,1323
"Kahului, HI",HI,6/8/26 17:00,445,1324
"Kahului, HI",HI,6/8/26 18:00,445,1324
"Kahului, HI",HI,6/8/26 19:00,445,1323
"Kahului, HI",HI,6/8/26 20:00,445,1323
"Kahului, HI",HI,6/8/26 21:00,445,1323
"Kahului, HI",HI,6/8/26 22:00,445,1323
"Kahului, HI",HI,6/8/26 23:00,445,1323
"Kahului, HI",HI,6/9/26 0:00,445,1323
"Kahului, HI",HI,6/9/26 1:00,445,1323
"Kahului, HI",HI,6/10/26 0:00,445,1337
"Kahului, HI",HI,6/10/26 1:00,445,1337
"Kahului, HI",HI,6/10/26 14:00,445,1333
"Kahului, HI",HI,6/10/26 15:00,445,1333
"Kahului, HI",HI,6/10/26 16:00,445,1332
"Kahului, HI",HI,6/10/26 17:00,445,1332
"Kahului, HI",HI,6/10/26 18:00,445,1332
"Kahului, HI",HI,6/10/26 19:00,445,1332
"Kahului, HI",HI,6/10/26 20:00,445,1332
"Kahului, HI",HI,6/10/26 21:00,445,1332
"Kahului, HI",HI,6/10/26 22:00,445,1332
"Kahului, HI",HI,6/10/26 23:00,445,1332
"Kahului, HI",HI,6/11/26 0:00,445,1332
"Kahului, HI",HI,6/11/26 14:00,445,1331
"Kahului, HI",HI,6/11/26 15:00,445,1331
"Kahului, HI",HI,6/11/26 16:00,445,1331
"Kahului, HI",HI,6/11/26 17:00,445,1331
"Kahului, HI",HI,6/11/26 18:00,445,1331
"Kahului, HI",HI,6/11/26 19:00,445,1332
"Kahului, HI",HI,6/11/26 20:00,445,1332
"Kahului, HI",HI,6/11/26 21:00,445,1333
"Kahului, HI",HI,6/11/26 22:00,445,1333
"Kahului, HI",HI,6/11/26 23:00,445,1334
"Kahului, HI",HI,6/12/26 0:00,445,1335
"Kahului, HI",HI,6/12/26 1:00,445,1335
"Kahului, HI",HI,6/12/26 14:00,445,1337
"Kahului, HI",HI,6/12/26 16:00,445,1337
"Kahului, HI",HI,6/12/26 17:00,445,1337
"Kahului, HI",HI,6/12/26 18:00,445,1337
"Kahului, HI",HI,6/13/26 0:00,445,1337
"Kahului, HI",HI,6/13/26 14:00,445,1333
"Kahului, HI",HI,6/13/26 17:00,445,1331
"Kahului, HI",HI,6/13/26 18:00,445,1330
"Kahului, HI",HI,6/13/26 19:00,445,1330
"Kahului, HI",HI,6/13/26 20:00,445,1329
"Kahului, HI",HI,6/13/26 21:00,445,1328
"Kahului, HI",HI,6/13/26 22:00,445,1328
"Kahului, HI",HI,6/13/26 23:00,445,1327
"Kahului, HI",HI,6/14/26 14:00,445,1321
"Kahului, HI",HI,6/14/26 15:00,445,1322
"Kahului, HI",HI,6/14/26 16:00,445,1323
"Kahului, HI",HI,6/14/26 17:00,445,1324
"Kahului, HI",HI,6/14/26 18:00,445,1324
"Kahului, HI",HI,6/14/26 19:00,445,1323
"Kahului, HI",HI,6/14/26 20:00,445,1323
"Kahului, HI",HI,6/14/26 21:00,445,1323
"Kahului, HI",HI,6/14/26 22:00,445,1323
"Kahului, HI",HI,6/14/26 23:00,445,1323
"Kahului, HI",HI,6/15/26 0:00,445,1323
"Kahului, HI",HI,6/15/26 1:00,445,1323
"Louisville, KY",KY,6/3/26 22:00,445,1364
"Louisville, KY",KY,6/10/26 22:00,445,1364
"Louisville, KY",KY,6/11/26 18:00,445,1367
"Louisville, KY",KY,6/14/26 13:00,445,1361
"Brownsville, TX",TX,6/11/26 11:00,445,1324
"Brownsville, TX",TX,6/11/26 12:00,445,1324
"Brownsville, TX",TX,6/11/26 13:00,445,1324
"Brownsville, TX",TX,6/11/26 14:00,445,1325
"Brownsville, TX",TX,6/11/26 15:00,445,1327
"Brownsville, TX",TX,6/11/26 16:00,445,1330
"Brownsville, TX",TX,6/11/26 17:00,445,1332
"Brownsville, TX",TX,6/11/26 23:00,445,1332
"Brownsville, TX",TX,6/12/26 12:00,445,1318
"Brownsville, TX",TX,6/12/26 13:00,445,1317
"Brownsville, TX",TX,6/12/26 14:00,445,1317
"Brownsville, TX",TX,6/12/26 15:00,445,1317
"Brownsville, TX",TX,6/12/26 16:00,445,1318
"Brownsville, TX",TX,6/12/26 17:00,445,1319
"Brownsville, TX",TX,6/12/26 18:00,445,1319
"Brownsville, TX",TX,6/12/26 19:00,445,1318
"Brownsville, TX",TX,6/12/26 20:00,445,1318
"Brownsville, TX",TX,6/13/26 12:00,445,1320
"Brownsville, TX",TX,6/13/26 20:00,445,1320
"Eugene, OR",OR,6/3/26 1:00,445,1347
"Eugene, OR",OR,6/3/26 11:00,445,1348
"Brownsville, TX",TX,6/14/26 10:00,445,1325
"Brownsville, TX",TX,6/14/26 11:00,445,1325
"Brownsville, TX",TX,6/14/26 16:00,445,1326
"Eugene, OR",OR,6/10/26 1:00,445,1347
"Eugene, OR",OR,6/10/26 11:00,445,1348
"Eugene, OR",OR,6/11/26 2:00,445,1354
"Eugene, OR",OR,6/12/26 8:00,445,1362
"Eugene, OR",OR,6/12/26 16:00,445,1343
"Eugene, OR",OR,6/12/26 17:00,445,1340
"Casper, WY",WY,6/3/26 10:00,445,1342
"Casper, WY",WY,6/3/26 11:00,445,1342
"Casper, WY",WY,6/3/26 12:00,445,1343
"Bozeman, MT",MT,6/12/26 1:00,445,1349
"Casper, WY",WY,6/10/26 10:00,445,1342
"Casper, WY",WY,6/10/26 11:00,445,1342
"Casper, WY",WY,6/10/26 12:00,445,1343
"Casper, WY",WY,6/12/26 10:00,445,1348
"Casper, WY",WY,6/12/26 21:00,445,1346
"Casper, WY",WY,6/12/26 22:00,445,1346
"Casper, WY",WY,6/13/26 12:00,445,1386
"Louisville, KY",KY,6/4/26 22:00,445,1364
"Louisville, KY",KY,6/5/26 18:00,445,1367
"Louisville, KY",KY,6/8/26 13:00,445,1361
"Brownsville, TX",TX,6/5/26 11:00,445,1324
"Brownsville, TX",TX,6/5/26 12:00,445,1324
"Brownsville, TX",TX,6/5/26 13:00,445,1324
"Brownsville, TX",TX,6/5/26 14:00,445,1325
"Brownsville, TX",TX,6/5/26 15:00,445,1327
"Brownsville, TX",TX,6/5/26 16:00,445,1330
"Brownsville, TX",TX,6/5/26 17:00,445,1332
"Brownsville, TX",TX,6/5/26 23:00,445,1332
"Brownsville, TX",TX,6/6/26 12:00,445,1318
"Brownsville, TX",TX,6/6/26 13:00,445,1317
"Brownsville, TX",TX,6/6/26 14:00,445,1317
"Brownsville, TX",TX,6/6/26 15:00,445,1317
"Brownsville, TX",TX,6/6/26 16:00,445,1318
"Brownsville, TX",TX,6/6/26 17:00,445,1319
"Brownsville, TX",TX,6/6/26 18:00,445,1319
"Brownsville, TX",TX,6/6/26 19:00,445,1318
"Brownsville, TX",TX,6/6/26 20:00,445,1318
"Brownsville, TX",TX,6/7/26 12:00,445,1320
"Brownsville, TX",TX,6/7/26 20:00,445,1320
"Brownsville, TX",TX,6/8/26 10:00,445,1325
"Brownsville, TX",TX,6/8/26 11:00,445,1325
"Brownsville, TX",TX,6/8/26 16:00,445,1326
"Eugene, OR",OR,6/4/26 1:00,445,1347
"Eugene, OR",OR,6/4/26 11:00,445,1348
"Eugene, OR",OR,6/5/26 2:00,445,1354
"Eugene, OR",OR,6/6/26 8:00,445,1362
"Eugene, OR",OR,6/6/26 16:00,445,1343
"Eugene, OR",OR,6/6/26 17:00,445,1340
"Bozeman, MT",MT,6/6/26 1:00,445,1349
"Casper, WY",WY,6/4/26 10:00,445,1342
"Casper, WY",WY,6/4/26 11:00,445,1342
"Casper, WY",WY,6/4/26 12:00,445,1343
"Casper, WY",WY,6/6/26 10:00,445,1348
"Casper, WY",WY,6/6/26 21:00,445,1346
"Casper, WY",WY,6/6/26 22:00,445,1346
"Casper, WY",WY,6/7/26 12:00,445,1386